timestamp,test_type,total_elapsed_time,rate,photo_count,is_face_recognition,is_face_authentication,similarity,path
2025-08-22T15:49:10.277621,FRR,00분 30초,0.24%,850,true,true,0.8820987343788147,assets/images/frr/CHRIS-(999)-213.jpg
2025-08-22T15:49:10.277653,FRR,00분 30초,0.24%,850,true,true,0.882161557674408,assets/images/frr/CHRIS-(999)-212.jpg
2025-08-22T15:49:10.277656,FRR,00분 30초,0.24%,850,true,true,0.815068244934082,assets/images/frr/CHRIS-(999)-211.jpg
2025-08-22T15:49:10.277658,FRR,00분 30초,0.24%,850,true,true,0.8440590500831604,assets/images/frr/CHRIS-(999)-210.jpg
2025-08-22T15:49:10.277660,FRR,00분 30초,0.24%,850,true,true,0.7734265327453613,assets/images/frr/CHRIS-(999)-21.jpg
2025-08-22T15:49:10.277662,FRR,00분 30초,0.24%,850,true,true,0.845840573310852,assets/images/frr/CHRIS-(999)-209.jpg
2025-08-22T15:49:10.277664,FRR,00분 30초,0.24%,850,true,true,0.8893554210662842,assets/images/frr/CHRIS-(999)-208.jpg
2025-08-22T15:49:10.277666,FRR,00분 30초,0.24%,850,true,true,0.814310610294342,assets/images/frr/CHRIS-(999)-207.jpg
2025-08-22T15:49:10.277667,FRR,00분 29초,0.24%,850,true,true,0.8064587712287903,assets/images/frr/CHRIS-(999)-206.jpg
2025-08-22T15:49:10.277669,FRR,00분 29초,0.24%,850,true,true,0.8494178652763367,assets/images/frr/CHRIS-(999)-205.jpg
2025-08-22T15:49:10.277671,FRR,00분 29초,0.24%,850,true,true,0.8521969318389893,assets/images/frr/CHRIS-(999)-204.jpg
2025-08-22T15:49:10.277672,FRR,00분 29초,0.24%,850,true,true,0.8526376485824585,assets/images/frr/CHRIS-(999)-203.jpg
2025-08-22T15:49:10.277674,FRR,00분 29초,0.24%,850,true,true,0.8810287714004517,assets/images/frr/CHRIS-(999)-202.jpg
2025-08-22T15:49:10.277675,FRR,00분 29초,0.24%,850,true,true,0.8470751047134399,assets/images/frr/CHRIS-(999)-201.jpg
2025-08-22T15:49:10.277677,FRR,00분 29초,0.24%,850,true,true,0.8328893780708313,assets/images/frr/CHRIS-(999)-200.jpg
2025-08-22T15:49:10.277678,FRR,00분 29초,0.24%,850,true,true,0.7215901017189026,assets/images/frr/CHRIS-(999)-20.jpg
2025-08-22T15:49:10.277680,FRR,00분 29초,0.24%,850,true,true,0.8491323590278625,assets/images/frr/CHRIS-(999)-2.jpg
2025-08-22T15:49:10.277681,FRR,00분 29초,0.24%,850,true,true,0.8129150867462158,assets/images/frr/CHRIS-(999)-199.jpg
2025-08-22T15:49:10.277682,FRR,00분 29초,0.24%,850,true,true,0.8289913535118103,assets/images/frr/CHRIS-(999)-198.jpg
2025-08-22T15:49:10.277683,FRR,00분 29초,0.24%,850,true,true,0.7817954421043396,assets/images/frr/CHRIS-(999)-197.jpg
2025-08-22T15:49:10.277685,FRR,00분 29초,0.24%,850,true,true,0.8735756278038025,assets/images/frr/CHRIS-(999)-196.jpg
2025-08-22T15:49:10.277686,FRR,00분 29초,0.24%,850,true,true,0.8745039701461792,assets/images/frr/CHRIS-(999)-195.jpg
2025-08-22T15:49:10.277687,FRR,00분 29초,0.24%,850,true,true,0.7850930094718933,assets/images/frr/CHRIS-(999)-194.jpg
2025-08-22T15:49:10.277689,FRR,00분 29초,0.24%,850,true,true,0.7376779317855835,assets/images/frr/CHRIS-(999)-193.jpg
2025-08-22T15:49:10.277690,FRR,00분 29초,0.24%,850,true,true,0.7323180437088013,assets/images/frr/CHRIS-(999)-192.jpg
2025-08-22T15:49:10.277691,FRR,00분 29초,0.24%,850,true,true,0.7085574865341187,assets/images/frr/CHRIS-(999)-191.jpg
2025-08-22T15:49:10.277693,FRR,00분 29초,0.24%,850,true,true,0.8238251209259033,assets/images/frr/CHRIS-(999)-98.jpg
2025-08-22T15:49:10.277694,FRR,00분 29초,0.24%,850,true,true,0.7722600102424622,assets/images/frr/CHRIS-(999)-97.jpg
2025-08-22T15:49:10.277696,FRR,00분 29초,0.24%,850,true,true,0.7616692781448364,assets/images/frr/CHRIS-(999)-96.jpg
2025-08-22T15:49:10.277697,FRR,00분 29초,0.24%,850,true,true,0.7821506261825562,assets/images/frr/CHRIS-(999)-95.jpg
2025-08-22T15:49:10.277698,FRR,00분 29초,0.24%,850,true,true,0.8177796602249146,assets/images/frr/CHRIS-(999)-94.jpg
2025-08-22T15:49:10.277699,FRR,00분 29초,0.24%,850,true,true,0.8385652899742126,assets/images/frr/CHRIS-(999)-93.jpg
2025-08-22T15:49:10.277701,FRR,00분 29초,0.24%,850,true,true,0.7585127949714661,assets/images/frr/CHRIS-(999)-190.jpg
2025-08-22T15:49:10.277703,FRR,00분 28초,0.24%,850,true,true,0.8402202725410461,assets/images/frr/CHRIS-(999)-92.jpg
2025-08-22T15:49:10.277704,FRR,00분 28초,0.24%,850,true,true,0.8468524813652039,assets/images/frr/CHRIS-(999)-91.jpg
2025-08-22T15:49:10.277705,FRR,00분 28초,0.24%,850,true,true,0.8077765703201294,assets/images/frr/CHRIS-(999)-90.jpg
2025-08-22T15:49:10.277708,FRR,00분 28초,0.24%,850,true,true,0.8227711319923401,assets/images/frr/CHRIS-(999)-9.jpg
2025-08-22T15:49:10.277710,FRR,00분 28초,0.24%,850,true,true,0.8187663555145264,assets/images/frr/CHRIS-(999)-89.jpg
2025-08-22T15:49:10.277711,FRR,00분 28초,0.24%,850,true,true,0.7485052347183228,assets/images/frr/CHRIS-(999)-88.jpg
2025-08-22T15:49:10.277713,FRR,00분 28초,0.24%,850,true,true,0.8271780610084534,assets/images/frr/CHRIS-(999)-87.jpg
2025-08-22T15:49:10.277714,FRR,00분 28초,0.24%,850,true,true,0.7889907956123352,assets/images/frr/CHRIS-(999)-19.jpg
2025-08-22T15:49:10.277716,FRR,00분 28초,0.24%,850,true,true,0.8294599652290344,assets/images/frr/CHRIS-(999)-86.jpg
2025-08-22T15:49:10.277717,FRR,00분 28초,0.24%,850,true,true,0.750167965888977,assets/images/frr/CHRIS-(999)-85.jpg
2025-08-22T15:49:10.277719,FRR,00분 28초,0.24%,850,true,true,0.8033056259155273,assets/images/frr/CHRIS-(999)-849.jpg
2025-08-22T15:49:10.277720,FRR,00분 28초,0.24%,850,true,true,0.8255800008773804,assets/images/frr/CHRIS-(999)-848.jpg
2025-08-22T15:49:10.277722,FRR,00분 28초,0.24%,850,true,true,0.8574002385139465,assets/images/frr/CHRIS-(999)-847.jpg
2025-08-22T15:49:10.277723,FRR,00분 28초,0.24%,850,true,true,0.8856378793716431,assets/images/frr/CHRIS-(999)-846.jpg
2025-08-22T15:49:10.277725,FRR,00분 28초,0.24%,850,true,true,0.7854321599006653,assets/images/frr/CHRIS-(999)-845.jpg
2025-08-22T15:49:10.277726,FRR,00분 28초,0.24%,850,true,true,0.7700947523117065,assets/images/frr/CHRIS-(999)-189.jpg
2025-08-22T15:49:10.277727,FRR,00분 28초,0.24%,850,true,true,0.7698375582695007,assets/images/frr/CHRIS-(999)-844.jpg
2025-08-22T15:49:10.277728,FRR,00분 28초,0.24%,850,true,true,0.7470467686653137,assets/images/frr/CHRIS-(999)-843.jpg
2025-08-22T15:49:10.277730,FRR,00분 28초,0.24%,850,true,true,0.7557840347290039,assets/images/frr/CHRIS-(999)-842.jpg
2025-08-22T15:49:10.277731,FRR,00분 28초,0.24%,850,true,true,0.7156007289886475,assets/images/frr/CHRIS-(999)-841.jpg
2025-08-22T15:49:10.277733,FRR,00분 28초,0.24%,850,true,true,0.7149659395217896,assets/images/frr/CHRIS-(999)-840.jpg
2025-08-22T15:49:10.277734,FRR,00분 28초,0.24%,850,true,true,0.8321731686592102,assets/images/frr/CHRIS-(999)-84.jpg
2025-08-22T15:49:10.277735,FRR,00분 28초,0.24%,850,true,true,0.7743712067604065,assets/images/frr/CHRIS-(999)-839.jpg
2025-08-22T15:49:10.277736,FRR,00분 28초,0.24%,850,true,true,0.7875227928161621,assets/images/frr/CHRIS-(999)-188.jpg
2025-08-22T15:49:10.277738,FRR,00분 28초,0.24%,850,true,true,0.7542315125465393,assets/images/frr/CHRIS-(999)-838.jpg
2025-08-22T15:49:10.277739,FRR,00분 27초,0.24%,850,true,true,0.7476378679275513,assets/images/frr/CHRIS-(999)-837.jpg
2025-08-22T15:49:10.277740,FRR,00분 27초,0.24%,850,true,true,0.7887037992477417,assets/images/frr/CHRIS-(999)-836.jpg
2025-08-22T15:49:10.277742,FRR,00분 27초,0.24%,850,true,true,0.7521957159042358,assets/images/frr/CHRIS-(999)-835.jpg
2025-08-22T15:49:10.277743,FRR,00분 27초,0.24%,850,true,true,0.7660268545150757,assets/images/frr/CHRIS-(999)-834.jpg
2025-08-22T15:49:10.277744,FRR,00분 27초,0.24%,850,true,true,0.844386100769043,assets/images/frr/CHRIS-(999)-833.jpg
2025-08-22T15:49:10.277746,FRR,00분 27초,0.24%,850,true,false,0.6755567789077759,assets/images/frr/CHRIS-(999)-832.jpg
2025-08-22T15:49:10.277747,FRR,00분 27초,0.12%,850,true,true,0.7598183155059814,assets/images/frr/CHRIS-(999)-187.jpg
2025-08-22T15:49:10.277749,FRR,00분 27초,0.12%,850,true,true,0.779488742351532,assets/images/frr/CHRIS-(999)-831.jpg
2025-08-22T15:49:10.277750,FRR,00분 27초,0.12%,850,true,true,0.7312436103820801,assets/images/frr/CHRIS-(999)-830.jpg
2025-08-22T15:49:10.277751,FRR,00분 27초,0.12%,850,true,true,0.8649364709854126,assets/images/frr/CHRIS-(999)-83.jpg
2025-08-22T15:49:10.277753,FRR,00분 27초,0.12%,850,true,true,0.7703716158866882,assets/images/frr/CHRIS-(999)-829.jpg
2025-08-22T15:49:10.277754,FRR,00분 27초,0.12%,850,true,true,0.8713570237159729,assets/images/frr/CHRIS-(999)-828.jpg
2025-08-22T15:49:10.277755,FRR,00분 27초,0.12%,850,true,true,0.8509558439254761,assets/images/frr/CHRIS-(999)-827.jpg
2025-08-22T15:49:10.277757,FRR,00분 27초,0.12%,850,true,true,0.8108491897583008,assets/images/frr/CHRIS-(999)-826.jpg
2025-08-22T15:49:10.277758,FRR,00분 27초,0.12%,850,true,true,0.8697615265846252,assets/images/frr/CHRIS-(999)-186.jpg
2025-08-22T15:49:10.277759,FRR,00분 27초,0.12%,850,true,true,0.7809370160102844,assets/images/frr/CHRIS-(999)-825.jpg
2025-08-22T15:49:10.277761,FRR,00분 27초,0.12%,850,true,true,0.8485590219497681,assets/images/frr/CHRIS-(999)-824.jpg
2025-08-22T15:49:10.277762,FRR,00분 27초,0.12%,850,true,true,0.8325391411781311,assets/images/frr/CHRIS-(999)-823.jpg
2025-08-22T15:49:10.277763,FRR,00분 27초,0.12%,850,true,true,0.8373445272445679,assets/images/frr/CHRIS-(999)-822.jpg
2025-08-22T15:49:10.277765,FRR,00분 27초,0.12%,850,true,true,0.8314477801322937,assets/images/frr/CHRIS-(999)-821.jpg
2025-08-22T15:49:10.277766,FRR,00분 27초,0.12%,850,true,true,0.8401639461517334,assets/images/frr/CHRIS-(999)-820.jpg
2025-08-22T15:49:10.277768,FRR,00분 27초,0.12%,850,true,true,0.8899747133255005,assets/images/frr/CHRIS-(999)-82.jpg
2025-08-22T15:49:10.277769,FRR,00분 27초,0.12%,850,true,true,0.7812144160270691,assets/images/frr/CHRIS-(999)-185.jpg
2025-08-22T15:49:10.277770,FRR,00분 27초,0.12%,850,true,true,0.8956631422042847,assets/images/frr/CHRIS-(999)-819.jpg
2025-08-22T15:49:10.277771,FRR,00분 27초,0.12%,850,true,true,0.8678367137908936,assets/images/frr/CHRIS-(999)-818.jpg
2025-08-22T15:49:10.277773,FRR,00분 26초,0.12%,850,true,true,0.8599822521209717,assets/images/frr/CHRIS-(999)-817.jpg
2025-08-22T15:49:10.277774,FRR,00분 26초,0.12%,850,true,true,0.7965196371078491,assets/images/frr/CHRIS-(999)-816.jpg
2025-08-22T15:49:10.277775,FRR,00분 26초,0.12%,850,true,true,0.8447012901306152,assets/images/frr/CHRIS-(999)-815.jpg
2025-08-22T15:49:10.277776,FRR,00분 26초,0.12%,850,true,true,0.8672604560852051,assets/images/frr/CHRIS-(999)-814.jpg
2025-08-22T15:49:10.277778,FRR,00분 26초,0.12%,850,true,true,0.871206521987915,assets/images/frr/CHRIS-(999)-813.jpg
2025-08-22T15:49:10.277779,FRR,00분 26초,0.12%,850,true,true,0.7827085852622986,assets/images/frr/CHRIS-(999)-184.jpg
2025-08-22T15:49:10.277780,FRR,00분 26초,0.12%,850,true,true,0.882238507270813,assets/images/frr/CHRIS-(999)-812.jpg
2025-08-22T15:49:10.277781,FRR,00분 26초,0.12%,850,true,true,0.852645218372345,assets/images/frr/CHRIS-(999)-811.jpg
2025-08-22T15:49:10.277783,FRR,00분 26초,0.12%,850,true,true,0.8065457940101624,assets/images/frr/CHRIS-(999)-810.jpg
2025-08-22T15:49:10.277784,FRR,00분 26초,0.12%,850,true,true,0.849852979183197,assets/images/frr/CHRIS-(999)-81.jpg
2025-08-22T15:49:10.277785,FRR,00분 26초,0.12%,850,true,true,0.8048340678215027,assets/images/frr/CHRIS-(999)-809.jpg
2025-08-22T15:49:10.277786,FRR,00분 26초,0.12%,850,true,true,0.8126558065414429,assets/images/frr/CHRIS-(999)-808.jpg
2025-08-22T15:49:10.277788,FRR,00분 26초,0.12%,850,true,true,0.7273341417312622,assets/images/frr/CHRIS-(999)-807.jpg
2025-08-22T15:49:10.277789,FRR,00분 26초,0.12%,850,true,true,0.8750579357147217,assets/images/frr/CHRIS-(999)-183.jpg
2025-08-22T15:49:10.277790,FRR,00분 26초,0.12%,850,true,true,0.7947215437889099,assets/images/frr/CHRIS-(999)-806.jpg
2025-08-22T15:49:10.277791,FRR,00분 26초,0.12%,850,true,true,0.7856085896492004,assets/images/frr/CHRIS-(999)-805.jpg
2025-08-22T15:49:10.277793,FRR,00분 26초,0.12%,850,true,true,0.8240024447441101,assets/images/frr/CHRIS-(999)-804.jpg
2025-08-22T15:49:10.277794,FRR,00분 26초,0.12%,850,true,true,0.7701551914215088,assets/images/frr/CHRIS-(999)-803.jpg
2025-08-22T15:49:10.277795,FRR,00분 26초,0.12%,850,true,true,0.8591614961624146,assets/images/frr/CHRIS-(999)-802.jpg
2025-08-22T15:49:10.277796,FRR,00분 26초,0.12%,850,true,true,0.7502549290657043,assets/images/frr/CHRIS-(999)-801.jpg
2025-08-22T15:49:10.277798,FRR,00분 26초,0.12%,850,true,true,0.720758855342865,assets/images/frr/CHRIS-(999)-800.jpg
2025-08-22T15:49:10.277799,FRR,00분 26초,0.12%,850,true,true,0.8908770084381104,assets/images/frr/CHRIS-(999)-182.jpg
2025-08-22T15:49:10.277801,FRR,00분 26초,0.12%,850,true,true,0.8090564012527466,assets/images/frr/CHRIS-(999)-80.jpg
2025-08-22T15:49:10.277802,FRR,00분 26초,0.12%,850,true,true,0.8178083300590515,assets/images/frr/CHRIS-(999)-8.jpg
2025-08-22T15:49:10.277803,FRR,00분 25초,0.12%,850,true,true,0.7986737489700317,assets/images/frr/CHRIS-(999)-799.jpg
2025-08-22T15:49:10.277805,FRR,00분 25초,0.12%,850,true,true,0.7648100852966309,assets/images/frr/CHRIS-(999)-798.jpg
2025-08-22T15:49:10.277806,FRR,00분 25초,0.12%,850,true,true,0.7357192635536194,assets/images/frr/CHRIS-(999)-797.jpg
2025-08-22T15:49:10.277807,FRR,00분 25초,0.12%,850,true,true,0.776617705821991,assets/images/frr/CHRIS-(999)-796.jpg
2025-08-22T15:49:10.277809,FRR,00분 25초,0.12%,850,true,true,0.7953621745109558,assets/images/frr/CHRIS-(999)-795.jpg
2025-08-22T15:49:10.277810,FRR,00분 25초,0.12%,850,true,true,0.8607720136642456,assets/images/frr/CHRIS-(999)-181.jpg
2025-08-22T15:49:10.277811,FRR,00분 25초,0.12%,850,true,true,0.7296568155288696,assets/images/frr/CHRIS-(999)-794.jpg
2025-08-22T15:49:10.277812,FRR,00분 25초,0.12%,850,true,true,0.7689415812492371,assets/images/frr/CHRIS-(999)-793.jpg
2025-08-22T15:49:10.277814,FRR,00분 25초,0.12%,850,true,true,0.7286160588264465,assets/images/frr/CHRIS-(999)-792.jpg
2025-08-22T15:49:10.277815,FRR,00분 25초,0.12%,850,true,true,0.7015496492385864,assets/images/frr/CHRIS-(999)-791.jpg
2025-08-22T15:49:10.277816,FRR,00분 25초,0.12%,850,true,true,0.7269103527069092,assets/images/frr/CHRIS-(999)-790.jpg
2025-08-22T15:49:10.277817,FRR,00분 25초,0.12%,850,true,true,0.7910237908363342,assets/images/frr/CHRIS-(999)-79.jpg
2025-08-22T15:49:10.277819,FRR,00분 25초,0.12%,850,true,true,0.7263345122337341,assets/images/frr/CHRIS-(999)-789.jpg
2025-08-22T15:49:10.277820,FRR,00분 25초,0.12%,850,true,true,0.8979485034942627,assets/images/frr/CHRIS-(999)-180.jpg
2025-08-22T15:49:10.277821,FRR,00분 25초,0.12%,850,true,true,0.7936826348304749,assets/images/frr/CHRIS-(999)-788.jpg
2025-08-22T15:49:10.277823,FRR,00분 25초,0.12%,850,true,true,0.7841739058494568,assets/images/frr/CHRIS-(999)-787.jpg
2025-08-22T15:49:10.277824,FRR,00분 25초,0.12%,850,true,true,0.8346084952354431,assets/images/frr/CHRIS-(999)-786.jpg
2025-08-22T15:49:10.277825,FRR,00분 25초,0.12%,850,true,true,0.7623229026794434,assets/images/frr/CHRIS-(999)-785.jpg
2025-08-22T15:49:10.277827,FRR,00분 25초,0.12%,850,true,true,0.8061213493347168,assets/images/frr/CHRIS-(999)-784.jpg
2025-08-22T15:49:10.277828,FRR,00분 25초,0.12%,850,true,true,0.7853976488113403,assets/images/frr/CHRIS-(999)-783.jpg
2025-08-22T15:49:10.277829,FRR,00분 25초,0.12%,850,true,true,0.7852451205253601,assets/images/frr/CHRIS-(999)-782.jpg
2025-08-22T15:49:10.277831,FRR,00분 25초,0.12%,850,true,true,0.7727952599525452,assets/images/frr/CHRIS-(999)-18.jpg
2025-08-22T15:49:10.277832,FRR,00분 25초,0.12%,850,true,true,0.813345730304718,assets/images/frr/CHRIS-(999)-781.jpg
2025-08-22T15:49:10.277833,FRR,00분 25초,0.12%,850,true,true,0.850430965423584,assets/images/frr/CHRIS-(999)-780.jpg
2025-08-22T15:49:10.277835,FRR,00분 24초,0.12%,850,true,true,0.8336568474769592,assets/images/frr/CHRIS-(999)-78.jpg
2025-08-22T15:49:10.277836,FRR,00분 24초,0.12%,850,true,true,0.86876380443573,assets/images/frr/CHRIS-(999)-779.jpg
2025-08-22T15:49:10.277837,FRR,00분 24초,0.12%,850,true,true,0.7024698257446289,assets/images/frr/CHRIS-(999)-778.jpg
2025-08-22T15:49:10.277838,FRR,00분 24초,0.12%,850,true,true,0.7867525219917297,assets/images/frr/CHRIS-(999)-777.jpg
2025-08-22T15:49:10.277840,FRR,00분 24초,0.12%,850,true,true,0.8442400693893433,assets/images/frr/CHRIS-(999)-776.jpg
2025-08-22T15:49:10.277841,FRR,00분 24초,0.12%,850,true,true,0.8783493638038635,assets/images/frr/CHRIS-(999)-179.jpg
2025-08-22T15:49:10.277843,FRR,00분 24초,0.12%,850,true,true,0.8820226192474365,assets/images/frr/CHRIS-(999)-775.jpg
2025-08-22T15:49:10.277844,FRR,00분 24초,0.12%,850,true,true,0.843618631362915,assets/images/frr/CHRIS-(999)-774.jpg
2025-08-22T15:49:10.277845,FRR,00분 24초,0.12%,850,true,true,0.879906415939331,assets/images/frr/CHRIS-(999)-773.jpg
2025-08-22T15:49:10.277846,FRR,00분 24초,0.12%,850,true,true,0.8507335186004639,assets/images/frr/CHRIS-(999)-772.jpg
2025-08-22T15:49:10.277848,FRR,00분 24초,0.12%,850,true,true,0.7439209818840027,assets/images/frr/CHRIS-(999)-771.jpg
2025-08-22T15:49:10.277849,FRR,00분 24초,0.12%,850,true,true,0.8001345992088318,assets/images/frr/CHRIS-(999)-770.jpg
2025-08-22T15:49:10.277850,FRR,00분 24초,0.12%,850,true,true,0.7859069108963013,assets/images/frr/CHRIS-(999)-77.jpg
2025-08-22T15:49:10.277851,FRR,00분 24초,0.12%,850,true,true,0.8933768272399902,assets/images/frr/CHRIS-(999)-178.jpg
2025-08-22T15:49:10.277853,FRR,00분 24초,0.12%,850,true,true,0.7998392581939697,assets/images/frr/CHRIS-(999)-769.jpg
2025-08-22T15:49:10.277854,FRR,00분 24초,0.12%,850,true,true,0.8533585071563721,assets/images/frr/CHRIS-(999)-768.jpg
2025-08-22T15:49:10.277855,FRR,00분 24초,0.12%,850,true,true,0.863254189491272,assets/images/frr/CHRIS-(999)-767.jpg
2025-08-22T15:49:10.277856,FRR,00분 24초,0.12%,850,true,true,0.8435068726539612,assets/images/frr/CHRIS-(999)-766.jpg
2025-08-22T15:49:10.277858,FRR,00분 24초,0.12%,850,true,true,0.787887692451477,assets/images/frr/CHRIS-(999)-765.jpg
2025-08-22T15:49:10.277859,FRR,00분 24초,0.12%,850,true,true,0.7414018511772156,assets/images/frr/CHRIS-(999)-764.jpg
2025-08-22T15:49:10.277860,FRR,00분 24초,0.12%,850,true,true,0.7920861840248108,assets/images/frr/CHRIS-(999)-763.jpg
2025-08-22T15:49:10.277861,FRR,00분 24초,0.12%,850,true,true,0.8683770895004272,assets/images/frr/CHRIS-(999)-177.jpg
2025-08-22T15:49:10.277863,FRR,00분 24초,0.12%,850,true,true,0.722412109375,assets/images/frr/CHRIS-(999)-762.jpg
2025-08-22T15:49:10.277864,FRR,00분 24초,0.12%,850,true,true,0.8119291663169861,assets/images/frr/CHRIS-(999)-761.jpg
2025-08-22T15:49:10.277865,FRR,00분 24초,0.12%,850,true,true,0.8443289399147034,assets/images/frr/CHRIS-(999)-760.jpg
2025-08-22T15:49:10.277867,FRR,00분 23초,0.12%,850,true,true,0.7755933403968811,assets/images/frr/CHRIS-(999)-76.jpg
2025-08-22T15:49:10.277868,FRR,00분 23초,0.12%,850,true,true,0.708893895149231,assets/images/frr/CHRIS-(999)-759.jpg
2025-08-22T15:49:10.277869,FRR,00분 23초,0.12%,850,true,true,0.7735058069229126,assets/images/frr/CHRIS-(999)-758.jpg
2025-08-22T15:49:10.277871,FRR,00분 23초,0.12%,850,true,true,0.7828062772750854,assets/images/frr/CHRIS-(999)-757.jpg
2025-08-22T15:49:10.277872,FRR,00분 23초,0.12%,850,true,true,0.8645845651626587,assets/images/frr/CHRIS-(999)-176.jpg
2025-08-22T15:49:10.277873,FRR,00분 23초,0.12%,850,true,true,0.7403330206871033,assets/images/frr/CHRIS-(999)-756.jpg
2025-08-22T15:49:10.277875,FRR,00분 23초,0.12%,850,true,true,0.7946692705154419,assets/images/frr/CHRIS-(999)-755.jpg
2025-08-22T15:49:10.277876,FRR,00분 23초,0.12%,850,true,true,0.7519598007202148,assets/images/frr/CHRIS-(999)-754.jpg
2025-08-22T15:49:10.277877,FRR,00분 23초,0.12%,850,true,true,0.7447537779808044,assets/images/frr/CHRIS-(999)-753.jpg
2025-08-22T15:49:10.277879,FRR,00분 23초,0.12%,850,true,true,0.7327501177787781,assets/images/frr/CHRIS-(999)-752.jpg
2025-08-22T15:49:10.277880,FRR,00분 23초,0.12%,850,true,true,0.7333405017852783,assets/images/frr/CHRIS-(999)-751.jpg
2025-08-22T15:49:10.277881,FRR,00분 23초,0.12%,850,true,true,0.7939695715904236,assets/images/frr/CHRIS-(999)-750.jpg
2025-08-22T15:49:10.277882,FRR,00분 23초,0.12%,850,true,true,0.836715579032898,assets/images/frr/CHRIS-(999)-175.jpg
2025-08-22T15:49:10.277884,FRR,00분 23초,0.12%,850,true,true,0.826058030128479,assets/images/frr/CHRIS-(999)-75.jpg
2025-08-22T15:49:10.277885,FRR,00분 23초,0.12%,850,true,true,0.9216821193695068,assets/images/frr/CHRIS-(999)-749.jpg
2025-08-22T15:49:10.277886,FRR,00분 23초,0.12%,850,true,true,0.8075867295265198,assets/images/frr/CHRIS-(999)-748.jpg
2025-08-22T15:49:10.277887,FRR,00분 23초,0.12%,850,true,true,0.7852201461791992,assets/images/frr/CHRIS-(999)-747.jpg
2025-08-22T15:49:10.277889,FRR,00분 23초,0.12%,850,true,true,0.8193401098251343,assets/images/frr/CHRIS-(999)-746.jpg
2025-08-22T15:49:10.277890,FRR,00분 23초,0.12%,850,true,true,0.8354907631874084,assets/images/frr/CHRIS-(999)-745.jpg
2025-08-22T15:49:10.277891,FRR,00분 23초,0.12%,850,true,true,0.8328771591186523,assets/images/frr/CHRIS-(999)-744.jpg
2025-08-22T15:49:10.277892,FRR,00분 23초,0.12%,850,true,true,0.8863261938095093,assets/images/frr/CHRIS-(999)-174.jpg
2025-08-22T15:49:10.277894,FRR,00분 23초,0.12%,850,true,true,0.8195139765739441,assets/images/frr/CHRIS-(999)-743.jpg
2025-08-22T15:49:10.277895,FRR,00분 23초,0.12%,850,true,true,0.7669779658317566,assets/images/frr/CHRIS-(999)-742.jpg
2025-08-22T15:49:10.277896,FRR,00분 23초,0.12%,850,true,true,0.753743052482605,assets/images/frr/CHRIS-(999)-741.jpg
2025-08-22T15:49:10.277898,FRR,00분 22초,0.12%,850,true,true,0.8249202966690063,assets/images/frr/CHRIS-(999)-740.jpg
2025-08-22T15:49:10.277899,FRR,00분 22초,0.12%,850,true,true,0.8665277361869812,assets/images/frr/CHRIS-(999)-74.jpg
2025-08-22T15:49:10.277900,FRR,00분 22초,0.12%,850,true,true,0.8388298153877258,assets/images/frr/CHRIS-(999)-739.jpg
2025-08-22T15:49:10.277902,FRR,00분 22초,0.12%,850,true,true,0.8551538586616516,assets/images/frr/CHRIS-(999)-738.jpg
2025-08-22T15:49:10.277903,FRR,00분 22초,0.12%,850,true,true,0.8939003348350525,assets/images/frr/CHRIS-(999)-173.jpg
2025-08-22T15:49:10.277905,FRR,00분 22초,0.12%,850,true,true,0.8186622858047485,assets/images/frr/CHRIS-(999)-737.jpg
2025-08-22T15:49:10.277906,FRR,00분 22초,0.12%,850,true,true,0.8507093787193298,assets/images/frr/CHRIS-(999)-736.jpg
2025-08-22T15:49:10.277907,FRR,00분 22초,0.12%,850,true,true,0.8325012922286987,assets/images/frr/CHRIS-(999)-735.jpg
2025-08-22T15:49:10.277908,FRR,00분 22초,0.12%,850,true,true,0.8069299459457397,assets/images/frr/CHRIS-(999)-734.jpg
2025-08-22T15:49:10.277910,FRR,00분 22초,0.12%,850,true,true,0.8230739235877991,assets/images/frr/CHRIS-(999)-733.jpg
2025-08-22T15:49:10.277911,FRR,00분 22초,0.12%,850,true,true,0.8285492658615112,assets/images/frr/CHRIS-(999)-732.jpg
2025-08-22T15:49:10.277912,FRR,00분 22초,0.12%,850,true,true,0.8971355557441711,assets/images/frr/CHRIS-(999)-731.jpg
2025-08-22T15:49:10.277913,FRR,00분 22초,0.12%,850,true,true,0.9275919795036316,assets/images/frr/CHRIS-(999)-172.jpg
2025-08-22T15:49:10.277915,FRR,00분 22초,0.12%,850,true,true,0.8482267260551453,assets/images/frr/CHRIS-(999)-730.jpg
2025-08-22T15:49:10.277916,FRR,00분 22초,0.12%,850,true,true,0.8763786554336548,assets/images/frr/CHRIS-(999)-73.jpg
2025-08-22T15:49:10.277917,FRR,00분 22초,0.12%,850,true,true,0.8887088298797607,assets/images/frr/CHRIS-(999)-729.jpg
2025-08-22T15:49:10.277919,FRR,00분 22초,0.12%,850,true,true,0.8207806348800659,assets/images/frr/CHRIS-(999)-728.jpg
2025-08-22T15:49:10.277920,FRR,00분 22초,0.12%,850,true,true,0.8178562521934509,assets/images/frr/CHRIS-(999)-727.jpg
2025-08-22T15:49:10.277921,FRR,00분 22초,0.12%,850,true,true,0.7916857600212097,assets/images/frr/CHRIS-(999)-726.jpg
2025-08-22T15:49:10.277922,FRR,00분 22초,0.12%,850,true,true,0.7227650880813599,assets/images/frr/CHRIS-(999)-725.jpg
2025-08-22T15:49:10.277924,FRR,00분 22초,0.12%,850,true,true,0.8315060138702393,assets/images/frr/CHRIS-(999)-171.jpg
2025-08-22T15:49:10.277925,FRR,00분 22초,0.12%,850,true,true,0.7445562481880188,assets/images/frr/CHRIS-(999)-724.jpg
2025-08-22T15:49:10.277926,FRR,00분 22초,0.12%,850,true,true,0.8242492079734802,assets/images/frr/CHRIS-(999)-723.jpg
2025-08-22T15:49:10.277928,FRR,00분 22초,0.12%,850,true,true,0.8309935331344604,assets/images/frr/CHRIS-(999)-722.jpg
2025-08-22T15:49:10.277929,FRR,00분 22초,0.12%,850,true,true,0.8365898728370667,assets/images/frr/CHRIS-(999)-721.jpg
2025-08-22T15:49:10.277930,FRR,00분 22초,0.12%,850,true,true,0.7446635961532593,assets/images/frr/CHRIS-(999)-720.jpg
2025-08-22T15:49:10.277931,FRR,00분 22초,0.12%,850,true,true,0.7465943694114685,assets/images/frr/CHRIS-(999)-72.jpg
2025-08-22T15:49:10.277932,FRR,00분 22초,0.12%,850,true,true,0.7579479813575745,assets/images/frr/CHRIS-(999)-719.jpg
2025-08-22T15:49:10.277934,FRR,00분 21초,0.12%,850,true,true,0.8279188275337219,assets/images/frr/CHRIS-(999)-170.jpg
2025-08-22T15:49:10.277935,FRR,00분 21초,0.12%,850,true,true,0.7896265387535095,assets/images/frr/CHRIS-(999)-718.jpg
2025-08-22T15:49:10.277936,FRR,00분 21초,0.12%,850,true,true,0.7657255530357361,assets/images/frr/CHRIS-(999)-717.jpg
2025-08-22T15:49:10.277938,FRR,00분 21초,0.12%,850,true,true,0.808769166469574,assets/images/frr/CHRIS-(999)-716.jpg
2025-08-22T15:49:10.277939,FRR,00분 21초,0.12%,850,true,true,0.729037344455719,assets/images/frr/CHRIS-(999)-715.jpg
2025-08-22T15:49:10.277940,FRR,00분 21초,0.12%,850,true,true,0.7381802201271057,assets/images/frr/CHRIS-(999)-714.jpg
2025-08-22T15:49:10.277942,FRR,00분 21초,0.12%,850,true,true,0.746435284614563,assets/images/frr/CHRIS-(999)-713.jpg
2025-08-22T15:49:10.277943,FRR,00분 21초,0.12%,850,true,true,0.822828471660614,assets/images/frr/CHRIS-(999)-712.jpg
2025-08-22T15:49:10.277944,FRR,00분 21초,0.12%,850,true,true,0.7784709930419922,assets/images/frr/CHRIS-(999)-17.jpg
2025-08-22T15:49:10.277945,FRR,00분 21초,0.12%,850,true,true,0.738325297832489,assets/images/frr/CHRIS-(999)-711.jpg
2025-08-22T15:49:10.277947,FRR,00분 21초,0.12%,850,true,true,0.8121168613433838,assets/images/frr/CHRIS-(999)-710.jpg
2025-08-22T15:49:10.277948,FRR,00분 21초,0.12%,850,true,true,0.8159672021865845,assets/images/frr/CHRIS-(999)-71.jpg
2025-08-22T15:49:10.277949,FRR,00분 21초,0.12%,850,true,true,0.8113090395927429,assets/images/frr/CHRIS-(999)-709.jpg
2025-08-22T15:49:10.277951,FRR,00분 21초,0.12%,850,true,true,0.7433425188064575,assets/images/frr/CHRIS-(999)-708.jpg
2025-08-22T15:49:10.277952,FRR,00분 21초,0.12%,850,true,true,0.7384199500083923,assets/images/frr/CHRIS-(999)-707.jpg
2025-08-22T15:49:10.277953,FRR,00분 21초,0.12%,850,true,true,0.7954190373420715,assets/images/frr/CHRIS-(999)-706.jpg
2025-08-22T15:49:10.277954,FRR,00분 21초,0.12%,850,true,true,0.766153872013092,assets/images/frr/CHRIS-(999)-169.jpg
2025-08-22T15:49:10.277956,FRR,00분 21초,0.12%,850,true,true,0.7385771870613098,assets/images/frr/CHRIS-(999)-705.jpg
2025-08-22T15:49:10.277957,FRR,00분 21초,0.12%,850,true,true,0.8297314643859863,assets/images/frr/CHRIS-(999)-704.jpg
2025-08-22T15:49:10.277958,FRR,00분 21초,0.12%,850,true,true,0.8525055646896362,assets/images/frr/CHRIS-(999)-703.jpg
2025-08-22T15:49:10.277959,FRR,00분 21초,0.12%,850,true,true,0.871195912361145,assets/images/frr/CHRIS-(999)-702.jpg
2025-08-22T15:49:10.277961,FRR,00분 21초,0.12%,850,true,true,0.8314136862754822,assets/images/frr/CHRIS-(999)-701.jpg
2025-08-22T15:49:10.277962,FRR,00분 21초,0.12%,850,true,true,0.705213189125061,assets/images/frr/CHRIS-(999)-700.jpg
2025-08-22T15:49:10.277963,FRR,00분 21초,0.12%,850,true,true,0.8666496276855469,assets/images/frr/CHRIS-(999)-70.jpg
2025-08-22T15:49:10.277964,FRR,00분 21초,0.12%,850,true,true,0.8027591705322266,assets/images/frr/CHRIS-(999)-168.jpg
2025-08-22T15:49:10.277966,FRR,00분 21초,0.12%,850,true,true,0.8333240747451782,assets/images/frr/CHRIS-(999)-7.jpg
2025-08-22T15:49:10.277967,FRR,00분 21초,0.12%,850,true,true,0.7248678803443909,assets/images/frr/CHRIS-(999)-699.jpg
2025-08-22T15:49:10.277968,FRR,00분 21초,0.12%,850,true,true,0.7776450514793396,assets/images/frr/CHRIS-(999)-698.jpg
2025-08-22T15:49:10.277969,FRR,00분 21초,0.12%,850,true,true,0.8371555805206299,assets/images/frr/CHRIS-(999)-697.jpg
2025-08-22T15:49:10.277971,FRR,00분 20초,0.12%,850,true,true,0.7669391632080078,assets/images/frr/CHRIS-(999)-696.jpg
2025-08-22T15:49:10.277972,FRR,00분 20초,0.12%,850,true,true,0.846204936504364,assets/images/frr/CHRIS-(999)-695.jpg
2025-08-22T15:49:10.277973,FRR,00분 20초,0.12%,850,true,true,0.8923035264015198,assets/images/frr/CHRIS-(999)-694.jpg
2025-08-22T15:49:10.277974,FRR,00분 20초,0.12%,850,true,true,0.7990552186965942,assets/images/frr/CHRIS-(999)-167.jpg
2025-08-22T15:49:10.277976,FRR,00분 20초,0.12%,850,true,true,0.8433493971824646,assets/images/frr/CHRIS-(999)-693.jpg
2025-08-22T15:49:10.277985,FRR,00분 20초,0.12%,850,true,true,0.822719931602478,assets/images/frr/CHRIS-(999)-692.jpg
2025-08-22T15:49:10.277987,FRR,00분 20초,0.12%,850,true,true,0.840474545955658,assets/images/frr/CHRIS-(999)-691.jpg
2025-08-22T15:49:10.277988,FRR,00분 20초,0.12%,850,true,true,0.7743809819221497,assets/images/frr/CHRIS-(999)-690.jpg
2025-08-22T15:49:10.277989,FRR,00분 20초,0.12%,850,true,true,0.7173387408256531,assets/images/frr/CHRIS-(999)-69.jpg
2025-08-22T15:49:10.277991,FRR,00분 20초,0.12%,850,true,true,0.7901573777198792,assets/images/frr/CHRIS-(999)-689.jpg
2025-08-22T15:49:10.277992,FRR,00분 20초,0.12%,850,true,true,0.831672728061676,assets/images/frr/CHRIS-(999)-688.jpg
2025-08-22T15:49:10.277993,FRR,00분 20초,0.12%,850,true,true,0.8011696934700012,assets/images/frr/CHRIS-(999)-166.jpg
2025-08-22T15:49:10.277995,FRR,00분 20초,0.12%,850,true,true,0.850752592086792,assets/images/frr/CHRIS-(999)-687.jpg
2025-08-22T15:49:10.277996,FRR,00분 20초,0.12%,850,true,true,0.8972446918487549,assets/images/frr/CHRIS-(999)-686.jpg
2025-08-22T15:49:10.277997,FRR,00분 20초,0.12%,850,true,true,0.9071957468986511,assets/images/frr/CHRIS-(999)-685.jpg
2025-08-22T15:49:10.277999,FRR,00분 20초,0.12%,850,true,true,0.867830216884613,assets/images/frr/CHRIS-(999)-684.jpg
2025-08-22T15:49:10.278,FRR,00분 20초,0.12%,850,true,true,0.8565159440040588,assets/images/frr/CHRIS-(999)-683.jpg
2025-08-22T15:49:10.278001,FRR,00분 20초,0.12%,850,true,true,0.8281018733978271,assets/images/frr/CHRIS-(999)-682.jpg
2025-08-22T15:49:10.278003,FRR,00분 20초,0.12%,850,true,true,0.8001807928085327,assets/images/frr/CHRIS-(999)-681.jpg
2025-08-22T15:49:10.278005,FRR,00분 20초,0.12%,850,true,true,0.7472653985023499,assets/images/frr/CHRIS-(999)-165.jpg
2025-08-22T15:49:10.278007,FRR,00분 20초,0.12%,850,true,true,0.8036081194877625,assets/images/frr/CHRIS-(999)-680.jpg
2025-08-22T15:49:10.278008,FRR,00분 20초,0.12%,850,true,true,0.7418254017829895,assets/images/frr/CHRIS-(999)-68.jpg
2025-08-22T15:49:10.278010,FRR,00분 20초,0.12%,850,true,true,0.8475241661071777,assets/images/frr/CHRIS-(999)-679.jpg
2025-08-22T15:49:10.278011,FRR,00분 20초,0.12%,850,true,true,0.8622022271156311,assets/images/frr/CHRIS-(999)-678.jpg
2025-08-22T15:49:10.278013,FRR,00분 20초,0.12%,850,true,true,0.9055389761924744,assets/images/frr/CHRIS-(999)-677.jpg
2025-08-22T15:49:10.278015,FRR,00분 20초,0.12%,850,true,true,0.8422378897666931,assets/images/frr/CHRIS-(999)-676.jpg
2025-08-22T15:49:10.278016,FRR,00분 20초,0.12%,850,true,true,0.8361079096794128,assets/images/frr/CHRIS-(999)-675.jpg
2025-08-22T15:49:10.278018,FRR,00분 20초,0.12%,850,true,true,0.8236777186393738,assets/images/frr/CHRIS-(999)-164.jpg
2025-08-22T15:49:10.278020,FRR,00분 20초,0.12%,850,true,true,0.8005655407905579,assets/images/frr/CHRIS-(999)-674.jpg
2025-08-22T15:49:10.278022,FRR,00분 19초,0.12%,850,true,true,0.8361080288887024,assets/images/frr/CHRIS-(999)-673.jpg
2025-08-22T15:49:10.278023,FRR,00분 19초,0.12%,850,true,true,0.7689080834388733,assets/images/frr/CHRIS-(999)-672.jpg
2025-08-22T15:49:10.278025,FRR,00분 19초,0.12%,850,true,true,0.7774048447608948,assets/images/frr/CHRIS-(999)-671.jpg
2025-08-22T15:49:10.278027,FRR,00분 19초,0.12%,850,true,true,0.8580584526062012,assets/images/frr/CHRIS-(999)-670.jpg
2025-08-22T15:49:10.278029,FRR,00분 19초,0.12%,850,true,true,0.7495192289352417,assets/images/frr/CHRIS-(999)-67.jpg
2025-08-22T15:49:10.278031,FRR,00분 19초,0.12%,850,true,true,0.7981043457984924,assets/images/frr/CHRIS-(999)-669.jpg
2025-08-22T15:49:10.278033,FRR,00분 19초,0.12%,850,true,true,0.8535211682319641,assets/images/frr/CHRIS-(999)-163.jpg
2025-08-22T15:49:10.278035,FRR,00분 19초,0.12%,850,true,true,0.803243100643158,assets/images/frr/CHRIS-(999)-668.jpg
2025-08-22T15:49:10.278037,FRR,00분 19초,0.12%,850,true,true,0.7831711173057556,assets/images/frr/CHRIS-(999)-667.jpg
2025-08-22T15:49:10.278039,FRR,00분 19초,0.12%,850,true,true,0.8384162187576294,assets/images/frr/CHRIS-(999)-666.jpg
2025-08-22T15:49:10.278040,FRR,00분 19초,0.12%,850,true,true,0.7973841428756714,assets/images/frr/CHRIS-(999)-665.jpg
2025-08-22T15:49:10.278042,FRR,00분 19초,0.12%,850,true,true,0.7620304822921753,assets/images/frr/CHRIS-(999)-664.jpg
2025-08-22T15:49:10.278044,FRR,00분 19초,0.12%,850,true,true,0.7252994179725647,assets/images/frr/CHRIS-(999)-663.jpg
2025-08-22T15:49:10.278046,FRR,00분 19초,0.12%,850,true,true,0.850196897983551,assets/images/frr/CHRIS-(999)-662.jpg
2025-08-22T15:49:10.278047,FRR,00분 19초,0.12%,850,true,true,0.8542200922966003,assets/images/frr/CHRIS-(999)-162.jpg
2025-08-22T15:49:10.278049,FRR,00분 19초,0.12%,850,true,true,0.7450881004333496,assets/images/frr/CHRIS-(999)-661.jpg
2025-08-22T15:49:10.278050,FRR,00분 19초,0.12%,850,true,true,0.8792465925216675,assets/images/frr/CHRIS-(999)-660.jpg
2025-08-22T15:49:10.278052,FRR,00분 19초,0.12%,850,true,true,0.8661197423934937,assets/images/frr/CHRIS-(999)-66.jpg
2025-08-22T15:49:10.278054,FRR,00분 19초,0.12%,850,true,true,0.869094967842102,assets/images/frr/CHRIS-(999)-659.jpg
2025-08-22T15:49:10.278055,FRR,00분 19초,0.12%,850,true,true,0.7812879681587219,assets/images/frr/CHRIS-(999)-658.jpg
2025-08-22T15:49:10.278058,FRR,00분 19초,0.12%,850,true,true,0.8286967277526855,assets/images/frr/CHRIS-(999)-657.jpg
2025-08-22T15:49:10.278059,FRR,00분 19초,0.12%,850,true,true,0.8936272263526917,assets/images/frr/CHRIS-(999)-656.jpg
2025-08-22T15:49:10.278061,FRR,00분 19초,0.12%,850,true,true,0.830727219581604,assets/images/frr/CHRIS-(999)-161.jpg
2025-08-22T15:49:10.278063,FRR,00분 19초,0.12%,850,true,true,0.8705715537071228,assets/images/frr/CHRIS-(999)-655.jpg
2025-08-22T15:49:10.278065,FRR,00분 19초,0.12%,850,true,true,0.8305887579917908,assets/images/frr/CHRIS-(999)-654.jpg
2025-08-22T15:49:10.278066,FRR,00분 19초,0.12%,850,true,true,0.7685194611549377,assets/images/frr/CHRIS-(999)-653.jpg
2025-08-22T15:49:10.278069,FRR,00분 19초,0.12%,850,true,true,0.783845067024231,assets/images/frr/CHRIS-(999)-652.jpg
2025-08-22T15:49:10.278070,FRR,00분 19초,0.12%,850,true,true,0.8283019661903381,assets/images/frr/CHRIS-(999)-651.jpg
2025-08-22T15:49:10.278072,FRR,00분 19초,0.12%,850,true,true,0.8422209024429321,assets/images/frr/CHRIS-(999)-650.jpg
2025-08-22T15:49:10.278074,FRR,00분 19초,0.12%,850,true,true,0.8247385621070862,assets/images/frr/CHRIS-(999)-65.jpg
2025-08-22T15:49:10.278076,FRR,00분 18초,0.12%,850,true,true,0.8197730183601379,assets/images/frr/CHRIS-(999)-160.jpg
2025-08-22T15:49:10.278077,FRR,00분 18초,0.12%,850,true,true,0.7974115610122681,assets/images/frr/CHRIS-(999)-643.jpg
2025-08-22T15:49:10.278079,FRR,00분 18초,0.12%,850,true,true,0.843745231628418,assets/images/frr/CHRIS-(999)-648.jpg
2025-08-22T15:49:10.278081,FRR,00분 18초,0.12%,850,true,true,0.8916589021682739,assets/images/frr/CHRIS-(999)-647.jpg
2025-08-22T15:49:10.278083,FRR,00분 18초,0.12%,850,true,true,0.898601770401001,assets/images/frr/CHRIS-(999)-646.jpg
2025-08-22T15:49:10.278085,FRR,00분 18초,0.12%,850,true,true,0.864800214767456,assets/images/frr/CHRIS-(999)-645.jpg
2025-08-22T15:49:10.278087,FRR,00분 18초,0.12%,850,true,true,0.8626604676246643,assets/images/frr/CHRIS-(999)-644.jpg
2025-08-22T15:49:10.278089,FRR,00분 18초,0.12%,850,true,true,0.9044244289398193,assets/images/frr/CHRIS-(999)-649.jpg
2025-08-22T15:49:10.278091,FRR,00분 18초,0.12%,850,true,true,0.8265718817710876,assets/images/frr/CHRIS-(999)-16.jpg
2025-08-22T15:49:10.278093,FRR,00분 18초,0.12%,850,true,true,0.7980100512504578,assets/images/frr/CHRIS-(999)-642.jpg
2025-08-22T15:49:10.278095,FRR,00분 18초,0.12%,850,true,false,0.4815128445625305,assets/images/frr/CHRIS-(999)-641.jpg
2025-08-22T15:49:10.278096,FRR,00분 18초,0.00%,850,true,true,0.8660897612571716,assets/images/frr/CHRIS-(999)-640.jpg
2025-08-22T15:49:10.278097,FRR,00분 18초,0.00%,850,true,true,0.7793086171150208,assets/images/frr/CHRIS-(999)-64.jpg
2025-08-22T15:49:10.278099,FRR,00분 18초,0.00%,850,true,true,0.9109089970588684,assets/images/frr/CHRIS-(999)-639.jpg
2025-08-22T15:49:10.278101,FRR,00분 18초,0.00%,850,true,true,0.843786895275116,assets/images/frr/CHRIS-(999)-638.jpg
2025-08-22T15:49:10.278102,FRR,00분 18초,0.00%,850,true,true,0.9036666750907898,assets/images/frr/CHRIS-(999)-637.jpg
2025-08-22T15:49:10.278104,FRR,00분 18초,0.00%,850,true,true,0.7092863917350769,assets/images/frr/CHRIS-(999)-159.jpg
2025-08-22T15:49:10.278105,FRR,00분 18초,0.00%,850,true,true,0.8284648656845093,assets/images/frr/CHRIS-(999)-636.jpg
2025-08-22T15:49:10.278106,FRR,00분 18초,0.00%,850,true,true,0.8101089596748352,assets/images/frr/CHRIS-(999)-635.jpg
2025-08-22T15:49:10.278107,FRR,00분 18초,0.00%,850,true,true,0.8216392993927002,assets/images/frr/CHRIS-(999)-634.jpg
2025-08-22T15:49:10.278109,FRR,00분 18초,0.00%,850,true,true,0.8022179007530212,assets/images/frr/CHRIS-(999)-633.jpg
2025-08-22T15:49:10.278110,FRR,00분 18초,0.00%,850,true,true,0.7945809960365295,assets/images/frr/CHRIS-(999)-632.jpg
2025-08-22T15:49:10.278111,FRR,00분 18초,0.00%,850,true,true,0.7992916703224182,assets/images/frr/CHRIS-(999)-631.jpg
2025-08-22T15:49:10.278112,FRR,00분 18초,0.00%,850,true,true,0.8382771611213684,assets/images/frr/CHRIS-(999)-630.jpg
2025-08-22T15:49:10.278114,FRR,00분 18초,0.00%,850,true,true,0.8302618265151978,assets/images/frr/CHRIS-(999)-158.jpg
2025-08-22T15:49:10.278115,FRR,00분 18초,0.00%,850,true,true,0.7785785794258118,assets/images/frr/CHRIS-(999)-63.jpg
2025-08-22T15:49:10.278116,FRR,00분 18초,0.00%,850,true,true,0.7667766213417053,assets/images/frr/CHRIS-(999)-629.jpg
2025-08-22T15:49:10.278117,FRR,00분 18초,0.00%,850,true,true,0.8717292547225952,assets/images/frr/CHRIS-(999)-628.jpg
2025-08-22T15:49:10.278119,FRR,00분 18초,0.00%,850,true,true,0.7489110827445984,assets/images/frr/CHRIS-(999)-627.jpg
2025-08-22T15:49:10.278120,FRR,00분 17초,0.00%,850,true,true,0.7445378303527832,assets/images/frr/CHRIS-(999)-626.jpg
2025-08-22T15:49:10.278121,FRR,00분 17초,0.00%,850,true,true,0.8636242151260376,assets/images/frr/CHRIS-(999)-625.jpg
2025-08-22T15:49:10.278122,FRR,00분 17초,0.00%,850,true,true,0.7112457752227783,assets/images/frr/CHRIS-(999)-624.jpg
2025-08-22T15:49:10.278123,FRR,00분 17초,0.00%,850,true,true,0.7175409197807312,assets/images/frr/CHRIS-(999)-157.jpg
2025-08-22T15:49:10.278125,FRR,00분 17초,0.00%,850,true,true,0.7297298312187195,assets/images/frr/CHRIS-(999)-623.jpg
2025-08-22T15:49:10.278126,FRR,00분 17초,0.00%,850,true,true,0.7507355213165283,assets/images/frr/CHRIS-(999)-622.jpg
2025-08-22T15:49:10.278127,FRR,00분 17초,0.00%,850,true,true,0.7773818969726562,assets/images/frr/CHRIS-(999)-621.jpg
2025-08-22T15:49:10.278129,FRR,00분 17초,0.00%,850,true,true,0.7573870420455933,assets/images/frr/CHRIS-(999)-620.jpg
2025-08-22T15:49:10.278130,FRR,00분 17초,0.00%,850,true,true,0.7801088690757751,assets/images/frr/CHRIS-(999)-62.jpg
2025-08-22T15:49:10.278132,FRR,00분 17초,0.00%,850,true,true,0.7357183694839478,assets/images/frr/CHRIS-(999)-619.jpg
2025-08-22T15:49:10.278133,FRR,00분 17초,0.00%,850,true,true,0.7567934393882751,assets/images/frr/CHRIS-(999)-618.jpg
2025-08-22T15:49:10.278134,FRR,00분 17초,0.00%,850,true,true,0.7584508657455444,assets/images/frr/CHRIS-(999)-156.jpg
2025-08-22T15:49:10.278135,FRR,00분 17초,0.00%,850,true,true,0.8537148833274841,assets/images/frr/CHRIS-(999)-617.jpg
2025-08-22T15:49:10.278137,FRR,00분 17초,0.00%,850,true,true,0.7239606380462646,assets/images/frr/CHRIS-(999)-616.jpg
2025-08-22T15:49:10.278138,FRR,00분 17초,0.00%,850,true,true,0.7217428088188171,assets/images/frr/CHRIS-(999)-615.jpg
2025-08-22T15:49:10.278139,FRR,00분 17초,0.00%,850,true,true,0.7226162552833557,assets/images/frr/CHRIS-(999)-614.jpg
2025-08-22T15:49:10.278140,FRR,00분 17초,0.00%,850,true,true,0.8959985375404358,assets/images/frr/CHRIS-(999)-613.jpg
2025-08-22T15:49:10.278142,FRR,00분 17초,0.00%,850,true,true,0.7126345634460449,assets/images/frr/CHRIS-(999)-612.jpg
2025-08-22T15:49:10.278143,FRR,00분 17초,0.00%,850,true,true,0.755584716796875,assets/images/frr/CHRIS-(999)-611.jpg
2025-08-22T15:49:10.278144,FRR,00분 17초,0.00%,850,true,true,0.7922946214675903,assets/images/frr/CHRIS-(999)-155.jpg
2025-08-22T15:49:10.278145,FRR,00분 17초,0.00%,850,true,true,0.7302150726318359,assets/images/frr/CHRIS-(999)-610.jpg
2025-08-22T15:49:10.278146,FRR,00분 17초,0.00%,850,true,true,0.8410602807998657,assets/images/frr/CHRIS-(999)-61.jpg
2025-08-22T15:49:10.278148,FRR,00분 17초,0.00%,850,true,true,0.8360251784324646,assets/images/frr/CHRIS-(999)-609.jpg
2025-08-22T15:49:10.278149,FRR,00분 17초,0.00%,850,true,true,0.8468663096427917,assets/images/frr/CHRIS-(999)-608.jpg
2025-08-22T15:49:10.278150,FRR,00분 17초,0.00%,850,true,true,0.8090073466300964,assets/images/frr/CHRIS-(999)-607.jpg
2025-08-22T15:49:10.278152,FRR,00분 17초,0.00%,850,true,true,0.8245497941970825,assets/images/frr/CHRIS-(999)-606.jpg
2025-08-22T15:49:10.278153,FRR,00분 17초,0.00%,850,true,true,0.7808047533035278,assets/images/frr/CHRIS-(999)-605.jpg
2025-08-22T15:49:10.278154,FRR,00분 17초,0.00%,850,true,true,0.8698815107345581,assets/images/frr/CHRIS-(999)-154.jpg
2025-08-22T15:49:10.278155,FRR,00분 17초,0.00%,850,true,true,0.8059284090995789,assets/images/frr/CHRIS-(999)-604.jpg
2025-08-22T15:49:10.278157,FRR,00분 16초,0.00%,850,true,true,0.8185797929763794,assets/images/frr/CHRIS-(999)-603.jpg
2025-08-22T15:49:10.278158,FRR,00분 16초,0.00%,850,true,true,0.8257058262825012,assets/images/frr/CHRIS-(999)-602.jpg
2025-08-22T15:49:10.278159,FRR,00분 16초,0.00%,850,true,true,0.8004239201545715,assets/images/frr/CHRIS-(999)-601.jpg
2025-08-22T15:49:10.278161,FRR,00분 16초,0.00%,850,true,true,0.8322413563728333,assets/images/frr/CHRIS-(999)-600.jpg
2025-08-22T15:49:10.278162,FRR,00분 16초,0.00%,850,true,true,0.8641252517700195,assets/images/frr/CHRIS-(999)-60.jpg
2025-08-22T15:49:10.278163,FRR,00분 16초,0.00%,850,true,true,0.8213070034980774,assets/images/frr/CHRIS-(999)-6.jpg
2025-08-22T15:49:10.278164,FRR,00분 16초,0.00%,850,true,true,0.7375268936157227,assets/images/frr/CHRIS-(999)-153.jpg
2025-08-22T15:49:10.278166,FRR,00분 16초,0.00%,850,true,true,0.8664936423301697,assets/images/frr/CHRIS-(999)-599.jpg
2025-08-22T15:49:10.278167,FRR,00분 16초,0.00%,850,true,true,0.8476771116256714,assets/images/frr/CHRIS-(999)-598.jpg
2025-08-22T15:49:10.278168,FRR,00분 16초,0.00%,850,true,true,0.8423758745193481,assets/images/frr/CHRIS-(999)-597.jpg
2025-08-22T15:49:10.278169,FRR,00분 16초,0.00%,850,true,true,0.823012113571167,assets/images/frr/CHRIS-(999)-596.jpg
2025-08-22T15:49:10.278171,FRR,00분 16초,0.00%,850,true,true,0.7296082377433777,assets/images/frr/CHRIS-(999)-595.jpg
2025-08-22T15:49:10.278172,FRR,00분 16초,0.00%,850,true,true,0.8223088383674622,assets/images/frr/CHRIS-(999)-594.jpg
2025-08-22T15:49:10.278173,FRR,00분 16초,0.00%,850,true,true,0.8500894904136658,assets/images/frr/CHRIS-(999)-593.jpg
2025-08-22T15:49:10.278175,FRR,00분 16초,0.00%,850,true,true,0.7079953551292419,assets/images/frr/CHRIS-(999)-152.jpg
2025-08-22T15:49:10.278176,FRR,00분 16초,0.00%,850,true,true,0.7789995670318604,assets/images/frr/CHRIS-(999)-592.jpg
2025-08-22T15:49:10.278177,FRR,00분 16초,0.00%,850,true,true,0.8009568452835083,assets/images/frr/CHRIS-(999)-591.jpg
2025-08-22T15:49:10.278178,FRR,00분 16초,0.00%,850,true,true,0.7834965586662292,assets/images/frr/CHRIS-(999)-590.jpg
2025-08-22T15:49:10.278180,FRR,00분 16초,0.00%,850,true,true,0.8872898817062378,assets/images/frr/CHRIS-(999)-59.jpg
2025-08-22T15:49:10.278181,FRR,00분 16초,0.00%,850,true,true,0.762102484703064,assets/images/frr/CHRIS-(999)-589.jpg
2025-08-22T15:49:10.278182,FRR,00분 16초,0.00%,850,true,true,0.7528777122497559,assets/images/frr/CHRIS-(999)-588.jpg
2025-08-22T15:49:10.278183,FRR,00분 16초,0.00%,850,true,true,0.8142101168632507,assets/images/frr/CHRIS-(999)-587.jpg
2025-08-22T15:49:10.278184,FRR,00분 16초,0.00%,850,true,true,0.8052212595939636,assets/images/frr/CHRIS-(999)-151.jpg
2025-08-22T15:49:10.278186,FRR,00분 16초,0.00%,850,true,true,0.7087714672088623,assets/images/frr/CHRIS-(999)-586.jpg
2025-08-22T15:49:10.278187,FRR,00분 16초,0.00%,850,true,true,0.7144151926040649,assets/images/frr/CHRIS-(999)-585.jpg
2025-08-22T15:49:10.278188,FRR,00분 16초,0.00%,850,true,true,0.7278914451599121,assets/images/frr/CHRIS-(999)-584.jpg
2025-08-22T15:49:10.278189,FRR,00분 16초,0.00%,850,true,true,0.8788805603981018,assets/images/frr/CHRIS-(999)-583.jpg
2025-08-22T15:49:10.278191,FRR,00분 16초,0.00%,850,true,true,0.7093369364738464,assets/images/frr/CHRIS-(999)-582.jpg
2025-08-22T15:49:10.278192,FRR,00분 16초,0.00%,850,true,true,0.7037390470504761,assets/images/frr/CHRIS-(999)-581.jpg
2025-08-22T15:49:10.278193,FRR,00분 16초,0.00%,850,true,true,0.834770917892456,assets/images/frr/CHRIS-(999)-580.jpg
2025-08-22T15:49:10.278195,FRR,00분 15초,0.00%,850,true,true,0.7243898510932922,assets/images/frr/CHRIS-(999)-150.jpg
2025-08-22T15:49:10.278196,FRR,00분 15초,0.00%,850,true,true,0.8770741820335388,assets/images/frr/CHRIS-(999)-58.jpg
2025-08-22T15:49:10.278197,FRR,00분 15초,0.00%,850,true,true,0.8174890279769897,assets/images/frr/CHRIS-(999)-579.jpg
2025-08-22T15:49:10.278198,FRR,00분 15초,0.00%,850,true,true,0.7902975678443909,assets/images/frr/CHRIS-(999)-578.jpg
2025-08-22T15:49:10.278200,FRR,00분 15초,0.00%,850,true,true,0.7535181045532227,assets/images/frr/CHRIS-(999)-577.jpg
2025-08-22T15:49:10.278201,FRR,00분 15초,0.00%,850,true,true,0.7866483330726624,assets/images/frr/CHRIS-(999)-576.jpg
2025-08-22T15:49:10.278202,FRR,00분 15초,0.00%,850,true,true,0.8433758616447449,assets/images/frr/CHRIS-(999)-575.jpg
2025-08-22T15:49:10.278204,FRR,00분 15초,0.00%,850,true,true,0.7826575636863708,assets/images/frr/CHRIS-(999)-574.jpg
2025-08-22T15:49:10.278205,FRR,00분 15초,0.00%,850,true,true,0.7614214420318604,assets/images/frr/CHRIS-(999)-15.jpg
2025-08-22T15:49:10.278206,FRR,00분 15초,0.00%,850,true,true,0.8094927668571472,assets/images/frr/CHRIS-(999)-573.jpg
2025-08-22T15:49:10.278208,FRR,00분 15초,0.00%,850,true,true,0.8905888795852661,assets/images/frr/CHRIS-(999)-572.jpg
2025-08-22T15:49:10.278209,FRR,00분 15초,0.00%,850,true,true,0.8044947385787964,assets/images/frr/CHRIS-(999)-571.jpg
2025-08-22T15:49:10.278210,FRR,00분 15초,0.00%,850,true,true,0.8422071933746338,assets/images/frr/CHRIS-(999)-570.jpg
2025-08-22T15:49:10.278211,FRR,00분 15초,0.00%,850,true,true,0.8808473944664001,assets/images/frr/CHRIS-(999)-57.jpg
2025-08-22T15:49:10.278213,FRR,00분 15초,0.00%,850,true,true,0.8442161679267883,assets/images/frr/CHRIS-(999)-569.jpg
2025-08-22T15:49:10.278214,FRR,00분 15초,0.00%,850,true,true,0.8103833794593811,assets/images/frr/CHRIS-(999)-568.jpg
2025-08-22T15:49:10.278215,FRR,00분 15초,0.00%,850,true,true,0.7463297247886658,assets/images/frr/CHRIS-(999)-149.jpg
2025-08-22T15:49:10.278216,FRR,00분 15초,0.00%,850,true,true,0.764538049697876,assets/images/frr/CHRIS-(999)-567.jpg
2025-08-22T15:49:10.278218,FRR,00분 15초,0.00%,850,true,true,0.7816339135169983,assets/images/frr/CHRIS-(999)-566.jpg
2025-08-22T15:49:10.278219,FRR,00분 15초,0.00%,850,true,true,0.8192462921142578,assets/images/frr/CHRIS-(999)-565.jpg
2025-08-22T15:49:10.278220,FRR,00분 15초,0.00%,850,true,true,0.8686915636062622,assets/images/frr/CHRIS-(999)-564.jpg
2025-08-22T15:49:10.278221,FRR,00분 15초,0.00%,850,true,true,0.8330901861190796,assets/images/frr/CHRIS-(999)-563.jpg
2025-08-22T15:49:10.278223,FRR,00분 15초,0.00%,850,true,true,0.9474673271179199,assets/images/frr/CHRIS-(999)-562.jpg
2025-08-22T15:49:10.278224,FRR,00분 15초,0.00%,850,true,true,0.8675196170806885,assets/images/frr/CHRIS-(999)-561.jpg
2025-08-22T15:49:10.278225,FRR,00분 15초,0.00%,850,true,true,0.7772732377052307,assets/images/frr/CHRIS-(999)-148.jpg
2025-08-22T15:49:10.278227,FRR,00분 15초,0.00%,850,true,true,0.8768289685249329,assets/images/frr/CHRIS-(999)-560.jpg
2025-08-22T15:49:10.278228,FRR,00분 15초,0.00%,850,true,true,0.8875179886817932,assets/images/frr/CHRIS-(999)-56.jpg
2025-08-22T15:49:10.278229,FRR,00분 15초,0.00%,850,true,true,0.861082911491394,assets/images/frr/CHRIS-(999)-559.jpg
2025-08-22T15:49:10.278230,FRR,00분 15초,0.00%,850,true,true,0.8220146894454956,assets/images/frr/CHRIS-(999)-558.jpg
2025-08-22T15:49:10.278232,FRR,00분 15초,0.00%,850,true,true,0.848497211933136,assets/images/frr/CHRIS-(999)-557.jpg
2025-08-22T15:49:10.278233,FRR,00분 14초,0.00%,850,true,true,0.8579436540603638,assets/images/frr/CHRIS-(999)-556.jpg
2025-08-22T15:49:10.278235,FRR,00분 14초,0.00%,850,true,true,0.8813368082046509,assets/images/frr/CHRIS-(999)-555.jpg
2025-08-22T15:49:10.278236,FRR,00분 14초,0.00%,850,true,true,0.8539990782737732,assets/images/frr/CHRIS-(999)-147.jpg
2025-08-22T15:49:10.278237,FRR,00분 14초,0.00%,850,true,true,0.8817330002784729,assets/images/frr/CHRIS-(999)-554.jpg
2025-08-22T15:49:10.278238,FRR,00분 14초,0.00%,850,true,true,0.8802386522293091,assets/images/frr/CHRIS-(999)-553.jpg
2025-08-22T15:49:10.278240,FRR,00분 14초,0.00%,850,true,true,0.8545477390289307,assets/images/frr/CHRIS-(999)-552.jpg
2025-08-22T15:49:10.278241,FRR,00분 14초,0.00%,850,true,true,0.7845403552055359,assets/images/frr/CHRIS-(999)-551.jpg
2025-08-22T15:49:10.278242,FRR,00분 14초,0.00%,850,true,true,0.8541162014007568,assets/images/frr/CHRIS-(999)-550.jpg
2025-08-22T15:49:10.278244,FRR,00분 14초,0.00%,850,true,true,0.8130714297294617,assets/images/frr/CHRIS-(999)-55.jpg
2025-08-22T15:49:10.278245,FRR,00분 14초,0.00%,850,true,true,0.874096691608429,assets/images/frr/CHRIS-(999)-549.jpg
2025-08-22T15:49:10.278246,FRR,00분 14초,0.00%,850,true,true,0.7030607461929321,assets/images/frr/CHRIS-(999)-146.jpg
2025-08-22T15:49:10.278247,FRR,00분 14초,0.00%,850,true,true,0.8339933156967163,assets/images/frr/CHRIS-(999)-548.jpg
2025-08-22T15:49:10.278249,FRR,00분 14초,0.00%,850,true,true,0.846131443977356,assets/images/frr/CHRIS-(999)-547.jpg
2025-08-22T15:49:10.278250,FRR,00분 14초,0.00%,850,true,true,0.8256270289421082,assets/images/frr/CHRIS-(999)-546.jpg
2025-08-22T15:49:10.278251,FRR,00분 14초,0.00%,850,true,true,0.8596041798591614,assets/images/frr/CHRIS-(999)-545.jpg
2025-08-22T15:49:10.278253,FRR,00분 14초,0.00%,850,true,true,0.8927451372146606,assets/images/frr/CHRIS-(999)-544.jpg
2025-08-22T15:49:10.278254,FRR,00분 14초,0.00%,850,true,true,0.7935934662818909,assets/images/frr/CHRIS-(999)-543.jpg
2025-08-22T15:49:10.278256,FRR,00분 14초,0.00%,850,true,true,0.8062912225723267,assets/images/frr/CHRIS-(999)-542.jpg
2025-08-22T15:49:10.278257,FRR,00분 14초,0.00%,850,true,true,0.7465456128120422,assets/images/frr/CHRIS-(999)-145.jpg
2025-08-22T15:49:10.278258,FRR,00분 14초,0.00%,850,true,true,0.7673141956329346,assets/images/frr/CHRIS-(999)-541.jpg
2025-08-22T15:49:10.278259,FRR,00분 14초,0.00%,850,true,true,0.7333109378814697,assets/images/frr/CHRIS-(999)-540.jpg
2025-08-22T15:49:10.278260,FRR,00분 14초,0.00%,850,true,true,0.8214467763900757,assets/images/frr/CHRIS-(999)-54.jpg
2025-08-22T15:49:10.278262,FRR,00분 14초,0.00%,850,true,true,0.7323124408721924,assets/images/frr/CHRIS-(999)-539.jpg
2025-08-22T15:49:10.278263,FRR,00분 14초,0.00%,850,true,true,0.7719749212265015,assets/images/frr/CHRIS-(999)-538.jpg
2025-08-22T15:49:10.278264,FRR,00분 14초,0.00%,850,true,true,0.7600383162498474,assets/images/frr/CHRIS-(999)-537.jpg
2025-08-22T15:49:10.278266,FRR,00분 14초,0.00%,850,true,true,0.7871502041816711,assets/images/frr/CHRIS-(999)-536.jpg
2025-08-22T15:49:10.278267,FRR,00분 14초,0.00%,850,true,true,0.9052318930625916,assets/images/frr/CHRIS-(999)-144.jpg
2025-08-22T15:49:10.278268,FRR,00분 14초,0.00%,850,true,true,0.784750759601593,assets/images/frr/CHRIS-(999)-535.jpg
2025-08-22T15:49:10.278269,FRR,00분 14초,0.00%,850,true,true,0.7930516004562378,assets/images/frr/CHRIS-(999)-534.jpg
2025-08-22T15:49:10.278271,FRR,00분 13초,0.00%,850,true,true,0.7511281967163086,assets/images/frr/CHRIS-(999)-533.jpg
2025-08-22T15:49:10.278272,FRR,00분 13초,0.00%,850,true,true,0.7463927865028381,assets/images/frr/CHRIS-(999)-532.jpg
2025-08-22T15:49:10.278273,FRR,00분 13초,0.00%,850,true,true,0.8052118420600891,assets/images/frr/CHRIS-(999)-531.jpg
2025-08-22T15:49:10.278275,FRR,00분 13초,0.00%,850,true,true,0.7533749938011169,assets/images/frr/CHRIS-(999)-530.jpg
2025-08-22T15:49:10.278276,FRR,00분 13초,0.00%,850,true,true,0.8143631219863892,assets/images/frr/CHRIS-(999)-53.jpg
2025-08-22T15:49:10.278277,FRR,00분 13초,0.00%,850,true,true,0.7795551419258118,assets/images/frr/CHRIS-(999)-143.jpg
2025-08-22T15:49:10.278278,FRR,00분 13초,0.00%,850,true,true,0.8596128821372986,assets/images/frr/CHRIS-(999)-529.jpg
2025-08-22T15:49:10.278280,FRR,00분 13초,0.00%,850,true,true,0.7716744542121887,assets/images/frr/CHRIS-(999)-528.jpg
2025-08-22T15:49:10.278281,FRR,00분 13초,0.00%,850,true,true,0.7630457282066345,assets/images/frr/CHRIS-(999)-527.jpg
2025-08-22T15:49:10.278283,FRR,00분 13초,0.00%,850,true,true,0.786418616771698,assets/images/frr/CHRIS-(999)-526.jpg
2025-08-22T15:49:10.278284,FRR,00분 13초,0.00%,850,true,true,0.8701437711715698,assets/images/frr/CHRIS-(999)-525.jpg
2025-08-22T15:49:10.278285,FRR,00분 13초,0.00%,850,true,true,0.8311214447021484,assets/images/frr/CHRIS-(999)-524.jpg
2025-08-22T15:49:10.278286,FRR,00분 13초,0.00%,850,true,true,0.8084378838539124,assets/images/frr/CHRIS-(999)-523.jpg
2025-08-22T15:49:10.278288,FRR,00분 13초,0.00%,850,true,true,0.8456231355667114,assets/images/frr/CHRIS-(999)-142.jpg
2025-08-22T15:49:10.278289,FRR,00분 13초,0.00%,850,true,true,0.7553849220275879,assets/images/frr/CHRIS-(999)-522.jpg
2025-08-22T15:49:10.278290,FRR,00분 13초,0.00%,850,true,true,0.8047348260879517,assets/images/frr/CHRIS-(999)-521.jpg
2025-08-22T15:49:10.278291,FRR,00분 13초,0.00%,850,true,true,0.8132727742195129,assets/images/frr/CHRIS-(999)-520.jpg
2025-08-22T15:49:10.278293,FRR,00분 13초,0.00%,850,true,true,0.8039695024490356,assets/images/frr/CHRIS-(999)-52.jpg
2025-08-22T15:49:10.278294,FRR,00분 13초,0.00%,850,true,true,0.83256995677948,assets/images/frr/CHRIS-(999)-519.jpg
2025-08-22T15:49:10.278295,FRR,00분 13초,0.00%,850,true,true,0.8232255578041077,assets/images/frr/CHRIS-(999)-518.jpg
2025-08-22T15:49:10.278296,FRR,00분 13초,0.00%,850,true,true,0.8223698735237122,assets/images/frr/CHRIS-(999)-517.jpg
2025-08-22T15:49:10.278298,FRR,00분 13초,0.00%,850,true,true,0.9087333083152771,assets/images/frr/CHRIS-(999)-141.jpg
2025-08-22T15:49:10.278299,FRR,00분 13초,0.00%,850,true,true,0.8308296799659729,assets/images/frr/CHRIS-(999)-516.jpg
2025-08-22T15:49:10.278301,FRR,00분 13초,0.00%,850,true,true,0.8668937087059021,assets/images/frr/CHRIS-(999)-515.jpg
2025-08-22T15:49:10.278302,FRR,00분 13초,0.00%,850,true,true,0.8698654770851135,assets/images/frr/CHRIS-(999)-514.jpg
2025-08-22T15:49:10.278303,FRR,00분 13초,0.00%,850,true,true,0.875301718711853,assets/images/frr/CHRIS-(999)-513.jpg
2025-08-22T15:49:10.278304,FRR,00분 13초,0.00%,850,true,true,0.8517756462097168,assets/images/frr/CHRIS-(999)-512.jpg
2025-08-22T15:49:10.278306,FRR,00분 13초,0.00%,850,true,true,0.867426335811615,assets/images/frr/CHRIS-(999)-511.jpg
2025-08-22T15:49:10.278307,FRR,00분 13초,0.00%,850,true,true,0.7951242923736572,assets/images/frr/CHRIS-(999)-510.jpg
2025-08-22T15:49:10.278308,FRR,00분 13초,0.00%,850,true,true,0.8172292113304138,assets/images/frr/CHRIS-(999)-140.jpg
2025-08-22T15:49:10.278310,FRR,00분 12초,0.00%,850,true,true,0.8284133076667786,assets/images/frr/CHRIS-(999)-51.jpg
2025-08-22T15:49:10.278311,FRR,00분 12초,0.00%,850,true,true,0.8599832057952881,assets/images/frr/CHRIS-(999)-509.jpg
2025-08-22T15:49:10.278312,FRR,00분 12초,0.00%,850,true,true,0.9002697467803955,assets/images/frr/CHRIS-(999)-508.jpg
2025-08-22T15:49:10.278314,FRR,00분 12초,0.00%,850,true,true,0.921207845211029,assets/images/frr/CHRIS-(999)-507.jpg
2025-08-22T15:49:10.278315,FRR,00분 12초,0.00%,850,true,true,0.8416497111320496,assets/images/frr/CHRIS-(999)-506.jpg
2025-08-22T15:49:10.278316,FRR,00분 12초,0.00%,850,true,true,0.8656105399131775,assets/images/frr/CHRIS-(999)-505.jpg
2025-08-22T15:49:10.278317,FRR,00분 12초,0.00%,850,true,true,0.8170386552810669,assets/images/frr/CHRIS-(999)-504.jpg
2025-08-22T15:49:10.278319,FRR,00분 12초,0.00%,850,true,true,0.8349788188934326,assets/images/frr/CHRIS-(999)-14.jpg
2025-08-22T15:49:10.278320,FRR,00분 12초,0.00%,850,true,true,0.814302384853363,assets/images/frr/CHRIS-(999)-503.jpg
2025-08-22T15:49:10.278321,FRR,00분 12초,0.00%,850,true,true,0.7883491516113281,assets/images/frr/CHRIS-(999)-502.jpg
2025-08-22T15:49:10.278323,FRR,00분 12초,0.00%,850,true,true,0.7818481922149658,assets/images/frr/CHRIS-(999)-501.jpg
2025-08-22T15:49:10.278324,FRR,00분 12초,0.00%,850,true,true,0.7796300053596497,assets/images/frr/CHRIS-(999)-500.jpg
2025-08-22T15:49:10.278325,FRR,00분 12초,0.00%,850,true,true,0.8737815022468567,assets/images/frr/CHRIS-(999)-50.jpg
2025-08-22T15:49:10.278326,FRR,00분 12초,0.00%,850,true,true,0.8322792053222656,assets/images/frr/CHRIS-(999)-5.jpg
2025-08-22T15:49:10.278327,FRR,00분 12초,0.00%,850,true,true,0.8159043192863464,assets/images/frr/CHRIS-(999)-499.jpg
2025-08-22T15:49:10.278329,FRR,00분 12초,0.00%,850,true,true,0.862325131893158,assets/images/frr/CHRIS-(999)-139.jpg
2025-08-22T15:49:10.278330,FRR,00분 12초,0.00%,850,true,true,0.8572474718093872,assets/images/frr/CHRIS-(999)-498.jpg
2025-08-22T15:49:10.278331,FRR,00분 12초,0.00%,850,true,true,0.7957285642623901,assets/images/frr/CHRIS-(999)-497.jpg
2025-08-22T15:49:10.278332,FRR,00분 12초,0.00%,850,true,true,0.7868373990058899,assets/images/frr/CHRIS-(999)-496.jpg
2025-08-22T15:49:10.278334,FRR,00분 12초,0.00%,850,true,true,0.7767067551612854,assets/images/frr/CHRIS-(999)-495.jpg
2025-08-22T15:49:10.278335,FRR,00분 12초,0.00%,850,true,true,0.8788002133369446,assets/images/frr/CHRIS-(999)-494.jpg
2025-08-22T15:49:10.278336,FRR,00분 12초,0.00%,850,true,true,0.7590815424919128,assets/images/frr/CHRIS-(999)-493.jpg
2025-08-22T15:49:10.278337,FRR,00분 12초,0.00%,850,true,true,0.7566050291061401,assets/images/frr/CHRIS-(999)-492.jpg
2025-08-22T15:49:10.278339,FRR,00분 12초,0.00%,850,true,true,0.8141685724258423,assets/images/frr/CHRIS-(999)-138.jpg
2025-08-22T15:49:10.278340,FRR,00분 12초,0.00%,850,true,true,0.7726742029190063,assets/images/frr/CHRIS-(999)-491.jpg
2025-08-22T15:49:10.278341,FRR,00분 12초,0.00%,850,true,true,0.7784184813499451,assets/images/frr/CHRIS-(999)-490.jpg
2025-08-22T15:49:10.278342,FRR,00분 12초,0.00%,850,true,true,0.8261584043502808,assets/images/frr/CHRIS-(999)-49.jpg
2025-08-22T15:49:10.278344,FRR,00분 12초,0.00%,850,true,true,0.7402786016464233,assets/images/frr/CHRIS-(999)-489.jpg
2025-08-22T15:49:10.278345,FRR,00분 12초,0.00%,850,true,true,0.7699430584907532,assets/images/frr/CHRIS-(999)-488.jpg
2025-08-22T15:49:10.278347,FRR,00분 12초,0.00%,850,true,true,0.7363724708557129,assets/images/frr/CHRIS-(999)-487.jpg
2025-08-22T15:49:10.278348,FRR,00분 11초,0.00%,850,true,true,0.7052792310714722,assets/images/frr/CHRIS-(999)-486.jpg
2025-08-22T15:49:10.278349,FRR,00분 11초,0.00%,850,true,true,0.7740159034729004,assets/images/frr/CHRIS-(999)-137.jpg
2025-08-22T15:49:10.278351,FRR,00분 11초,0.00%,850,true,true,0.880336344242096,assets/images/frr/CHRIS-(999)-485.jpg
2025-08-22T15:49:10.278352,FRR,00분 11초,0.00%,850,true,true,0.7334227561950684,assets/images/frr/CHRIS-(999)-484.jpg
2025-08-22T15:49:10.278353,FRR,00분 11초,0.00%,850,true,true,0.7614627480506897,assets/images/frr/CHRIS-(999)-483.jpg
2025-08-22T15:49:10.278354,FRR,00분 11초,0.00%,850,true,true,0.802869975566864,assets/images/frr/CHRIS-(999)-482.jpg
2025-08-22T15:49:10.278356,FRR,00분 11초,0.00%,850,true,true,0.8285081386566162,assets/images/frr/CHRIS-(999)-481.jpg
2025-08-22T15:49:10.278357,FRR,00분 11초,0.00%,850,true,true,0.8223764896392822,assets/images/frr/CHRIS-(999)-480.jpg
2025-08-22T15:49:10.278358,FRR,00분 11초,0.00%,850,true,true,0.8968014121055603,assets/images/frr/CHRIS-(999)-48.jpg
2025-08-22T15:49:10.278359,FRR,00분 11초,0.00%,850,true,true,0.7652360796928406,assets/images/frr/CHRIS-(999)-136.jpg
2025-08-22T15:49:10.278361,FRR,00분 11초,0.00%,850,true,true,0.7770600318908691,assets/images/frr/CHRIS-(999)-479.jpg
2025-08-22T15:49:10.278362,FRR,00분 11초,0.00%,850,true,true,0.7692238688468933,assets/images/frr/CHRIS-(999)-478.jpg
2025-08-22T15:49:10.278363,FRR,00분 11초,0.00%,850,true,true,0.7819852232933044,assets/images/frr/CHRIS-(999)-477.jpg
2025-08-22T15:49:10.278364,FRR,00분 11초,0.00%,850,true,true,0.8154862523078918,assets/images/frr/CHRIS-(999)-476.jpg
2025-08-22T15:49:10.278366,FRR,00분 11초,0.00%,850,true,true,0.8253903388977051,assets/images/frr/CHRIS-(999)-475.jpg
2025-08-22T15:49:10.278367,FRR,00분 11초,0.00%,850,true,true,0.920402467250824,assets/images/frr/CHRIS-(999)-474.jpg
2025-08-22T15:49:10.278368,FRR,00분 11초,0.00%,850,true,true,0.8110420107841492,assets/images/frr/CHRIS-(999)-473.jpg
2025-08-22T15:49:10.278369,FRR,00분 11초,0.00%,850,true,true,0.7738604545593262,assets/images/frr/CHRIS-(999)-135.jpg
2025-08-22T15:49:10.278371,FRR,00분 11초,0.00%,850,true,true,0.877892792224884,assets/images/frr/CHRIS-(999)-472.jpg
2025-08-22T15:49:10.278372,FRR,00분 11초,0.00%,850,true,true,0.9060127139091492,assets/images/frr/CHRIS-(999)-471.jpg
2025-08-22T15:49:10.278373,FRR,00분 11초,0.00%,850,true,true,0.8460519909858704,assets/images/frr/CHRIS-(999)-470.jpg
2025-08-22T15:49:10.278374,FRR,00분 11초,0.00%,850,true,true,0.7945680618286133,assets/images/frr/CHRIS-(999)-47.jpg
2025-08-22T15:49:10.278375,FRR,00분 11초,0.00%,850,true,true,0.8376607298851013,assets/images/frr/CHRIS-(999)-469.jpg
2025-08-22T15:49:10.278377,FRR,00분 11초,0.00%,850,true,true,0.8392012119293213,assets/images/frr/CHRIS-(999)-468.jpg
2025-08-22T15:49:10.278378,FRR,00분 11초,0.00%,850,true,true,0.8432256579399109,assets/images/frr/CHRIS-(999)-467.jpg
2025-08-22T15:49:10.278379,FRR,00분 11초,0.00%,850,true,true,0.7977845072746277,assets/images/frr/CHRIS-(999)-134.jpg
2025-08-22T15:49:10.278380,FRR,00분 11초,0.00%,850,true,true,0.8546589612960815,assets/images/frr/CHRIS-(999)-466.jpg
2025-08-22T15:49:10.278382,FRR,00분 11초,0.00%,850,true,true,0.8827423453330994,assets/images/frr/CHRIS-(999)-465.jpg
2025-08-22T15:49:10.278383,FRR,00분 11초,0.00%,850,true,true,0.8793631792068481,assets/images/frr/CHRIS-(999)-464.jpg
2025-08-22T15:49:10.278385,FRR,00분 11초,0.00%,850,true,true,0.8020234704017639,assets/images/frr/CHRIS-(999)-463.jpg
2025-08-22T15:49:10.278386,FRR,00분 10초,0.00%,850,true,true,0.813033938407898,assets/images/frr/CHRIS-(999)-462.jpg
2025-08-22T15:49:10.278387,FRR,00분 10초,0.00%,850,true,true,0.8284191489219666,assets/images/frr/CHRIS-(999)-461.jpg
2025-08-22T15:49:10.278388,FRR,00분 10초,0.00%,850,true,true,0.771625816822052,assets/images/frr/CHRIS-(999)-460.jpg
2025-08-22T15:49:10.278390,FRR,00분 10초,0.00%,850,true,true,0.8785365223884583,assets/images/frr/CHRIS-(999)-133.jpg
2025-08-22T15:49:10.278391,FRR,00분 10초,0.00%,850,true,true,0.765238881111145,assets/images/frr/CHRIS-(999)-46.jpg
2025-08-22T15:49:10.278392,FRR,00분 10초,0.00%,850,true,true,0.8199239373207092,assets/images/frr/CHRIS-(999)-459.jpg
2025-08-22T15:49:10.278393,FRR,00분 10초,0.00%,850,true,true,0.7870038151741028,assets/images/frr/CHRIS-(999)-458.jpg
2025-08-22T15:49:10.278395,FRR,00분 10초,0.00%,850,true,true,0.7463201284408569,assets/images/frr/CHRIS-(999)-457.jpg
2025-08-22T15:49:10.278396,FRR,00분 10초,0.00%,850,true,true,0.7390714287757874,assets/images/frr/CHRIS-(999)-456.jpg
2025-08-22T15:49:10.278397,FRR,00분 10초,0.00%,850,true,true,0.761708676815033,assets/images/frr/CHRIS-(999)-455.jpg
2025-08-22T15:49:10.278398,FRR,00분 10초,0.00%,850,true,true,0.8238013386726379,assets/images/frr/CHRIS-(999)-454.jpg
2025-08-22T15:49:10.278400,FRR,00분 10초,0.00%,850,true,true,0.892069399356842,assets/images/frr/CHRIS-(999)-132.jpg
2025-08-22T15:49:10.278401,FRR,00분 10초,0.00%,850,true,true,0.7681706547737122,assets/images/frr/CHRIS-(999)-453.jpg
2025-08-22T15:49:10.278402,FRR,00분 10초,0.00%,850,true,true,0.7637841105461121,assets/images/frr/CHRIS-(999)-452.jpg
2025-08-22T15:49:10.278404,FRR,00분 10초,0.00%,850,true,true,0.7350279688835144,assets/images/frr/CHRIS-(999)-451.jpg
2025-08-22T15:49:10.278405,FRR,00분 10초,0.00%,850,true,true,0.78167724609375,assets/images/frr/CHRIS-(999)-450.jpg
2025-08-22T15:49:10.278406,FRR,00분 10초,0.00%,850,true,true,0.814351499080658,assets/images/frr/CHRIS-(999)-45.jpg
2025-08-22T15:49:10.278408,FRR,00분 10초,0.00%,850,true,true,0.7371873259544373,assets/images/frr/CHRIS-(999)-449.jpg
2025-08-22T15:49:10.278409,FRR,00분 10초,0.00%,850,true,true,0.7275394201278687,assets/images/frr/CHRIS-(999)-448.jpg
2025-08-22T15:49:10.278410,FRR,00분 10초,0.00%,850,true,true,0.8023827075958252,assets/images/frr/CHRIS-(999)-131.jpg
2025-08-22T15:49:10.278411,FRR,00분 10초,0.00%,850,true,true,0.7517704367637634,assets/images/frr/CHRIS-(999)-447.jpg
2025-08-22T15:49:10.278413,FRR,00분 10초,0.00%,850,true,true,0.7625520825386047,assets/images/frr/CHRIS-(999)-446.jpg
2025-08-22T15:49:10.278414,FRR,00분 10초,0.00%,850,true,true,0.7849686145782471,assets/images/frr/CHRIS-(999)-445.jpg
2025-08-22T15:49:10.278415,FRR,00분 10초,0.00%,850,true,true,0.7239465713500977,assets/images/frr/CHRIS-(999)-444.jpg
2025-08-22T15:49:10.278416,FRR,00분 10초,0.00%,850,true,true,0.7381609678268433,assets/images/frr/CHRIS-(999)-443.jpg
2025-08-22T15:49:10.278418,FRR,00분 10초,0.00%,850,true,true,0.7293718457221985,assets/images/frr/CHRIS-(999)-442.jpg
2025-08-22T15:49:10.278419,FRR,00분 10초,0.00%,850,true,true,0.7474395632743835,assets/images/frr/CHRIS-(999)-441.jpg
2025-08-22T15:49:10.278420,FRR,00분 10초,0.00%,850,true,true,0.7983278036117554,assets/images/frr/CHRIS-(999)-130.jpg
2025-08-22T15:49:10.278421,FRR,00분 10초,0.00%,850,true,true,0.7415178418159485,assets/images/frr/CHRIS-(999)-440.jpg
2025-08-22T15:49:10.278423,FRR,00분 09초,0.00%,850,true,true,0.753908097743988,assets/images/frr/CHRIS-(999)-44.jpg
2025-08-22T15:49:10.278424,FRR,00분 09초,0.00%,850,true,true,0.7845891118049622,assets/images/frr/CHRIS-(999)-439.jpg
2025-08-22T15:49:10.278425,FRR,00분 09초,0.00%,850,true,true,0.7401901483535767,assets/images/frr/CHRIS-(999)-438.jpg
2025-08-22T15:49:10.278426,FRR,00분 09초,0.00%,850,true,true,0.7427672147750854,assets/images/frr/CHRIS-(999)-437.jpg
2025-08-22T15:49:10.278428,FRR,00분 09초,0.00%,850,true,true,0.7450435161590576,assets/images/frr/CHRIS-(999)-436.jpg
2025-08-22T15:49:10.278429,FRR,00분 09초,0.00%,850,true,true,0.8425964117050171,assets/images/frr/CHRIS-(999)-435.jpg
2025-08-22T15:49:10.278430,FRR,00분 09초,0.00%,850,true,true,0.8404682874679565,assets/images/frr/CHRIS-(999)-13.jpg
2025-08-22T15:49:10.278431,FRR,00분 09초,0.00%,850,true,true,0.8119823932647705,assets/images/frr/CHRIS-(999)-434.jpg
2025-08-22T15:49:10.278433,FRR,00분 09초,0.00%,850,true,true,0.813412070274353,assets/images/frr/CHRIS-(999)-433.jpg
2025-08-22T15:49:10.278434,FRR,00분 09초,0.00%,850,true,true,0.7407764196395874,assets/images/frr/CHRIS-(999)-432.jpg
2025-08-22T15:49:10.278435,FRR,00분 09초,0.00%,850,true,true,0.7677386999130249,assets/images/frr/CHRIS-(999)-431.jpg
2025-08-22T15:49:10.278437,FRR,00분 09초,0.00%,850,true,true,0.8260543346405029,assets/images/frr/CHRIS-(999)-430.jpg
2025-08-22T15:49:10.278438,FRR,00분 09초,0.00%,850,true,true,0.7689942121505737,assets/images/frr/CHRIS-(999)-43.jpg
2025-08-22T15:49:10.278439,FRR,00분 09초,0.00%,850,true,true,0.7908022403717041,assets/images/frr/CHRIS-(999)-429.jpg
2025-08-22T15:49:10.278441,FRR,00분 09초,0.00%,850,true,true,0.7837392687797546,assets/images/frr/CHRIS-(999)-129.jpg
2025-08-22T15:49:10.278442,FRR,00분 09초,0.00%,850,true,true,0.7100641131401062,assets/images/frr/CHRIS-(999)-428.jpg
2025-08-22T15:49:10.278443,FRR,00분 09초,0.00%,850,true,true,0.7860150933265686,assets/images/frr/CHRIS-(999)-427.jpg
2025-08-22T15:49:10.278444,FRR,00분 09초,0.00%,850,true,true,0.8553038835525513,assets/images/frr/CHRIS-(999)-426.jpg
2025-08-22T15:49:10.278446,FRR,00분 09초,0.00%,850,true,true,0.8446890115737915,assets/images/frr/CHRIS-(999)-425.jpg
2025-08-22T15:49:10.278447,FRR,00분 09초,0.00%,850,true,true,0.8373736143112183,assets/images/frr/CHRIS-(999)-424.jpg
2025-08-22T15:49:10.278448,FRR,00분 09초,0.00%,850,true,true,0.8050816655158997,assets/images/frr/CHRIS-(999)-423.jpg
2025-08-22T15:49:10.278450,FRR,00분 09초,0.00%,850,true,true,0.8214643001556396,assets/images/frr/CHRIS-(999)-422.jpg
2025-08-22T15:49:10.278451,FRR,00분 09초,0.00%,850,true,true,0.7882832884788513,assets/images/frr/CHRIS-(999)-128.jpg
2025-08-22T15:49:10.278452,FRR,00분 09초,0.00%,850,true,true,0.8453720808029175,assets/images/frr/CHRIS-(999)-421.jpg
2025-08-22T15:49:10.278453,FRR,00분 09초,0.00%,850,true,true,0.8642269372940063,assets/images/frr/CHRIS-(999)-420.jpg
2025-08-22T15:49:10.278455,FRR,00분 09초,0.00%,850,true,true,0.8018818497657776,assets/images/frr/CHRIS-(999)-42.jpg
2025-08-22T15:49:10.278456,FRR,00분 09초,0.00%,850,true,true,0.8024341464042664,assets/images/frr/CHRIS-(999)-419.jpg
2025-08-22T15:49:10.278457,FRR,00분 09초,0.00%,850,true,true,0.8879090547561646,assets/images/frr/CHRIS-(999)-418.jpg
2025-08-22T15:49:10.278458,FRR,00분 09초,0.00%,850,true,true,0.8225345611572266,assets/images/frr/CHRIS-(999)-417.jpg
2025-08-22T15:49:10.278460,FRR,00분 08초,0.00%,850,true,true,0.7242237329483032,assets/images/frr/CHRIS-(999)-416.jpg
2025-08-22T15:49:10.278461,FRR,00분 08초,0.00%,850,true,true,0.7973934412002563,assets/images/frr/CHRIS-(999)-127.jpg
2025-08-22T15:49:10.278462,FRR,00분 08초,0.00%,850,true,true,0.8561481237411499,assets/images/frr/CHRIS-(999)-415.jpg
2025-08-22T15:49:10.278463,FRR,00분 08초,0.00%,850,true,true,0.8384637832641602,assets/images/frr/CHRIS-(999)-414.jpg
2025-08-22T15:49:10.278464,FRR,00분 08초,0.00%,850,true,true,0.8108342885971069,assets/images/frr/CHRIS-(999)-413.jpg
2025-08-22T15:49:10.278466,FRR,00분 08초,0.00%,850,true,true,0.7763350009918213,assets/images/frr/CHRIS-(999)-412.jpg
2025-08-22T15:49:10.278467,FRR,00분 08초,0.00%,850,true,true,0.7616756558418274,assets/images/frr/CHRIS-(999)-411.jpg
2025-08-22T15:49:10.278468,FRR,00분 08초,0.00%,850,true,true,0.7982053160667419,assets/images/frr/CHRIS-(999)-410.jpg
2025-08-22T15:49:10.278470,FRR,00분 08초,0.00%,850,true,true,0.8454506397247314,assets/images/frr/CHRIS-(999)-41.jpg
2025-08-22T15:49:10.278471,FRR,00분 08초,0.00%,850,true,true,0.8263312578201294,assets/images/frr/CHRIS-(999)-126.jpg
2025-08-22T15:49:10.278472,FRR,00분 08초,0.00%,850,true,true,0.8286545872688293,assets/images/frr/CHRIS-(999)-409.jpg
2025-08-22T15:49:10.278474,FRR,00분 08초,0.00%,850,true,true,0.8390395641326904,assets/images/frr/CHRIS-(999)-408.jpg
2025-08-22T15:49:10.278475,FRR,00분 08초,0.00%,850,true,true,0.7973672747612,assets/images/frr/CHRIS-(999)-407.jpg
2025-08-22T15:49:10.278476,FRR,00분 08초,0.00%,850,true,true,0.8073078989982605,assets/images/frr/CHRIS-(999)-406.jpg
2025-08-22T15:49:10.278477,FRR,00분 08초,0.00%,850,true,true,0.798638641834259,assets/images/frr/CHRIS-(999)-405.jpg
2025-08-22T15:49:10.278478,FRR,00분 08초,0.00%,850,true,true,0.7534219622612,assets/images/frr/CHRIS-(999)-404.jpg
2025-08-22T15:49:10.278480,FRR,00분 08초,0.00%,850,true,true,0.7629696130752563,assets/images/frr/CHRIS-(999)-403.jpg
2025-08-22T15:49:10.278481,FRR,00분 08초,0.00%,850,true,true,0.7962460517883301,assets/images/frr/CHRIS-(999)-125.jpg
2025-08-22T15:49:10.278482,FRR,00분 08초,0.00%,850,true,true,0.7900547385215759,assets/images/frr/CHRIS-(999)-402.jpg
2025-08-22T15:49:10.278484,FRR,00분 08초,0.00%,850,true,true,0.7914959788322449,assets/images/frr/CHRIS-(999)-401.jpg
2025-08-22T15:49:10.278485,FRR,00분 08초,0.00%,850,true,true,0.731960117816925,assets/images/frr/CHRIS-(999)-400.jpg
2025-08-22T15:49:10.278487,FRR,00분 08초,0.00%,850,true,true,0.7747230529785156,assets/images/frr/CHRIS-(999)-40.jpg
2025-08-22T15:49:10.278488,FRR,00분 08초,0.00%,850,true,true,0.8420550227165222,assets/images/frr/CHRIS-(999)-4.jpg
2025-08-22T15:49:10.278489,FRR,00분 08초,0.00%,850,true,true,0.8174857497215271,assets/images/frr/CHRIS-(999)-399.jpg
2025-08-22T15:49:10.278490,FRR,00분 08초,0.00%,850,true,true,0.7651057839393616,assets/images/frr/CHRIS-(999)-398.jpg
2025-08-22T15:49:10.278492,FRR,00분 08초,0.00%,850,true,true,0.8499756455421448,assets/images/frr/CHRIS-(999)-124.jpg
2025-08-22T15:49:10.278493,FRR,00분 08초,0.00%,850,true,true,0.765522837638855,assets/images/frr/CHRIS-(999)-397.jpg
2025-08-22T15:49:10.278494,FRR,00분 08초,0.00%,850,true,true,0.7635606527328491,assets/images/frr/CHRIS-(999)-396.jpg
2025-08-22T15:49:10.278495,FRR,00분 08초,0.00%,850,true,true,0.7317729592323303,assets/images/frr/CHRIS-(999)-395.jpg
2025-08-22T15:49:10.278497,FRR,00분 07초,0.00%,850,true,true,0.7645297646522522,assets/images/frr/CHRIS-(999)-394.jpg
2025-08-22T15:49:10.278498,FRR,00분 07초,0.00%,850,true,true,0.8001325726509094,assets/images/frr/CHRIS-(999)-393.jpg
2025-08-22T15:49:10.278499,FRR,00분 07초,0.00%,850,true,true,0.797182559967041,assets/images/frr/CHRIS-(999)-392.jpg
2025-08-22T15:49:10.278500,FRR,00분 07초,0.00%,850,true,true,0.8205150961875916,assets/images/frr/CHRIS-(999)-391.jpg
2025-08-22T15:49:10.278502,FRR,00분 07초,0.00%,850,true,true,0.809196949005127,assets/images/frr/CHRIS-(999)-123.jpg
2025-08-22T15:49:10.278503,FRR,00분 07초,0.00%,850,true,true,0.8265312314033508,assets/images/frr/CHRIS-(999)-390.jpg
2025-08-22T15:49:10.278504,FRR,00분 07초,0.00%,850,true,true,0.7572712898254395,assets/images/frr/CHRIS-(999)-39.jpg
2025-08-22T15:49:10.278505,FRR,00분 07초,0.00%,850,true,true,0.8584845066070557,assets/images/frr/CHRIS-(999)-389.jpg
2025-08-22T15:49:10.278507,FRR,00분 07초,0.00%,850,true,true,0.8308648467063904,assets/images/frr/CHRIS-(999)-388.jpg
2025-08-22T15:49:10.278508,FRR,00분 07초,0.00%,850,true,true,0.8684822916984558,assets/images/frr/CHRIS-(999)-387.jpg
2025-08-22T15:49:10.278509,FRR,00분 07초,0.00%,850,true,true,0.8433998227119446,assets/images/frr/CHRIS-(999)-386.jpg
2025-08-22T15:49:10.278510,FRR,00분 07초,0.00%,850,true,true,0.7946481704711914,assets/images/frr/CHRIS-(999)-385.jpg
2025-08-22T15:49:10.278512,FRR,00분 07초,0.00%,850,true,true,0.7504520416259766,assets/images/frr/CHRIS-(999)-122.jpg
2025-08-22T15:49:10.278513,FRR,00분 07초,0.00%,850,true,true,0.8130312561988831,assets/images/frr/CHRIS-(999)-384.jpg
2025-08-22T15:49:10.278514,FRR,00분 07초,0.00%,850,true,true,0.8571426272392273,assets/images/frr/CHRIS-(999)-383.jpg
2025-08-22T15:49:10.278515,FRR,00분 07초,0.00%,850,true,true,0.8351890444755554,assets/images/frr/CHRIS-(999)-382.jpg
2025-08-22T15:49:10.278517,FRR,00분 07초,0.00%,850,true,true,0.8432988524436951,assets/images/frr/CHRIS-(999)-381.jpg
2025-08-22T15:49:10.278518,FRR,00분 07초,0.00%,850,true,true,0.797944188117981,assets/images/frr/CHRIS-(999)-380.jpg
2025-08-22T15:49:10.278519,FRR,00분 07초,0.00%,850,true,true,0.7462658286094666,assets/images/frr/CHRIS-(999)-38.jpg
2025-08-22T15:49:10.278521,FRR,00분 07초,0.00%,850,true,true,0.8620640635490417,assets/images/frr/CHRIS-(999)-379.jpg
2025-08-22T15:49:10.278522,FRR,00분 07초,0.00%,850,true,true,0.7630348205566406,assets/images/frr/CHRIS-(999)-121.jpg
2025-08-22T15:49:10.278523,FRR,00분 07초,0.00%,850,true,true,0.865017294883728,assets/images/frr/CHRIS-(999)-378.jpg
2025-08-22T15:49:10.278524,FRR,00분 07초,0.00%,850,true,true,0.8548012971878052,assets/images/frr/CHRIS-(999)-377.jpg
2025-08-22T15:49:10.278526,FRR,00분 07초,0.00%,850,true,true,0.8590271472930908,assets/images/frr/CHRIS-(999)-376.jpg
2025-08-22T15:49:10.278527,FRR,00분 07초,0.00%,850,true,true,0.8365004062652588,assets/images/frr/CHRIS-(999)-375.jpg
2025-08-22T15:49:10.278528,FRR,00분 07초,0.00%,850,true,true,0.8264039754867554,assets/images/frr/CHRIS-(999)-374.jpg
2025-08-22T15:49:10.278529,FRR,00분 07초,0.00%,850,true,true,0.8766664266586304,assets/images/frr/CHRIS-(999)-373.jpg
2025-08-22T15:49:10.278530,FRR,00분 07초,0.00%,850,true,true,0.8908365964889526,assets/images/frr/CHRIS-(999)-372.jpg
2025-08-22T15:49:10.278532,FRR,00분 07초,0.00%,850,true,true,0.7886751294136047,assets/images/frr/CHRIS-(999)-120.jpg
2025-08-22T15:49:10.278533,FRR,00분 07초,0.00%,850,true,true,0.9098135828971863,assets/images/frr/CHRIS-(999)-371.jpg
2025-08-22T15:49:10.278534,FRR,00분 06초,0.00%,850,true,true,0.8779681324958801,assets/images/frr/CHRIS-(999)-370.jpg
2025-08-22T15:49:10.278535,FRR,00분 06초,0.00%,850,true,true,0.7298147678375244,assets/images/frr/CHRIS-(999)-37.jpg
2025-08-22T15:49:10.278536,FRR,00분 06초,0.00%,850,true,true,0.8324053883552551,assets/images/frr/CHRIS-(999)-369.jpg
2025-08-22T15:49:10.278538,FRR,00분 06초,0.00%,850,true,true,0.7974566221237183,assets/images/frr/CHRIS-(999)-368.jpg
2025-08-22T15:49:10.278539,FRR,00분 06초,0.00%,850,true,true,0.763095498085022,assets/images/frr/CHRIS-(999)-367.jpg
2025-08-22T15:49:10.278540,FRR,00분 06초,0.00%,850,true,true,0.8060849905014038,assets/images/frr/CHRIS-(999)-366.jpg
2025-08-22T15:49:10.278542,FRR,00분 06초,0.00%,850,true,true,0.9025535583496094,assets/images/frr/CHRIS-(999)-12.jpg
2025-08-22T15:49:10.278543,FRR,00분 06초,0.00%,850,true,true,0.7892601490020752,assets/images/frr/CHRIS-(999)-365.jpg
2025-08-22T15:49:10.278544,FRR,00분 06초,0.00%,850,true,true,0.7985312938690186,assets/images/frr/CHRIS-(999)-364.jpg
2025-08-22T15:49:10.278546,FRR,00분 06초,0.00%,850,true,true,0.8523833155632019,assets/images/frr/CHRIS-(999)-363.jpg
2025-08-22T15:49:10.278547,FRR,00분 06초,0.00%,850,true,true,0.8737996220588684,assets/images/frr/CHRIS-(999)-362.jpg
2025-08-22T15:49:10.278548,FRR,00분 06초,0.00%,850,true,true,0.8826192021369934,assets/images/frr/CHRIS-(999)-361.jpg
2025-08-22T15:49:10.278549,FRR,00분 06초,0.00%,850,true,true,0.806995689868927,assets/images/frr/CHRIS-(999)-360.jpg
2025-08-22T15:49:10.278550,FRR,00분 06초,0.00%,850,true,true,0.7762635946273804,assets/images/frr/CHRIS-(999)-36.jpg
2025-08-22T15:49:10.278552,FRR,00분 06초,0.00%,850,true,true,0.7601349353790283,assets/images/frr/CHRIS-(999)-119.jpg
2025-08-22T15:49:10.278553,FRR,00분 06초,0.00%,850,true,true,0.7988690733909607,assets/images/frr/CHRIS-(999)-359.jpg
2025-08-22T15:49:10.278554,FRR,00분 06초,0.00%,850,true,true,0.8231461048126221,assets/images/frr/CHRIS-(999)-358.jpg
2025-08-22T15:49:10.278556,FRR,00분 06초,0.00%,850,true,true,0.8045511245727539,assets/images/frr/CHRIS-(999)-357.jpg
2025-08-22T15:49:10.278557,FRR,00분 06초,0.00%,850,true,true,0.73214191198349,assets/images/frr/CHRIS-(999)-356.jpg
2025-08-22T15:49:10.278558,FRR,00분 06초,0.00%,850,true,true,0.7397972345352173,assets/images/frr/CHRIS-(999)-355.jpg
2025-08-22T15:49:10.278559,FRR,00분 06초,0.00%,850,true,true,0.7855988144874573,assets/images/frr/CHRIS-(999)-354.jpg
2025-08-22T15:49:10.278561,FRR,00분 06초,0.00%,850,true,true,0.8811190724372864,assets/images/frr/CHRIS-(999)-353.jpg
2025-08-22T15:49:10.278562,FRR,00분 06초,0.00%,850,true,true,0.7008784413337708,assets/images/frr/CHRIS-(999)-118.jpg
2025-08-22T15:49:10.278563,FRR,00분 06초,0.00%,850,true,true,0.8476822972297668,assets/images/frr/CHRIS-(999)-352.jpg
2025-08-22T15:49:10.278564,FRR,00분 06초,0.00%,850,true,true,0.7611542344093323,assets/images/frr/CHRIS-(999)-351.jpg
2025-08-22T15:49:10.278566,FRR,00분 06초,0.00%,850,true,true,0.7473997473716736,assets/images/frr/CHRIS-(999)-350.jpg
2025-08-22T15:49:10.278567,FRR,00분 06초,0.00%,850,true,true,0.8007818460464478,assets/images/frr/CHRIS-(999)-35.jpg
2025-08-22T15:49:10.278568,FRR,00분 06초,0.00%,850,true,true,0.7055360674858093,assets/images/frr/CHRIS-(999)-349.jpg
2025-08-22T15:49:10.278569,FRR,00분 06초,0.00%,850,true,true,0.8086307644844055,assets/images/frr/CHRIS-(999)-348.jpg
2025-08-22T15:49:10.278570,FRR,00분 06초,0.00%,850,true,true,0.7088141441345215,assets/images/frr/CHRIS-(999)-347.jpg
2025-08-22T15:49:10.278572,FRR,00분 05초,0.00%,850,true,true,0.7608756422996521,assets/images/frr/CHRIS-(999)-117.jpg
2025-08-22T15:49:10.278573,FRR,00분 05초,0.00%,850,true,true,0.8074081540107727,assets/images/frr/CHRIS-(999)-346.jpg
2025-08-22T15:49:10.278574,FRR,00분 05초,0.00%,850,true,true,0.8039534687995911,assets/images/frr/CHRIS-(999)-345.jpg
2025-08-22T15:49:10.278575,FRR,00분 05초,0.00%,850,true,true,0.8163124322891235,assets/images/frr/CHRIS-(999)-344.jpg
2025-08-22T15:49:10.278577,FRR,00분 05초,0.00%,850,true,true,0.8113110065460205,assets/images/frr/CHRIS-(999)-343.jpg
2025-08-22T15:49:10.278578,FRR,00분 05초,0.00%,850,true,true,0.770237147808075,assets/images/frr/CHRIS-(999)-342.jpg
2025-08-22T15:49:10.278579,FRR,00분 05초,0.00%,850,true,true,0.7121924757957458,assets/images/frr/CHRIS-(999)-341.jpg
2025-08-22T15:49:10.278581,FRR,00분 05초,0.00%,850,true,true,0.7405250668525696,assets/images/frr/CHRIS-(999)-340.jpg
2025-08-22T15:49:10.278582,FRR,00분 05초,0.00%,850,true,true,0.8221272826194763,assets/images/frr/CHRIS-(999)-116.jpg
2025-08-22T15:49:10.278583,FRR,00분 05초,0.00%,850,true,true,0.7948138117790222,assets/images/frr/CHRIS-(999)-34.jpg
2025-08-22T15:49:10.278584,FRR,00분 05초,0.00%,850,true,true,0.743580162525177,assets/images/frr/CHRIS-(999)-339.jpg
2025-08-22T15:49:10.278586,FRR,00분 05초,0.00%,850,true,true,0.804182767868042,assets/images/frr/CHRIS-(999)-338.jpg
2025-08-22T15:49:10.278587,FRR,00분 05초,0.00%,850,true,true,0.7217495441436768,assets/images/frr/CHRIS-(999)-337.jpg
2025-08-22T15:49:10.278588,FRR,00분 05초,0.00%,850,true,true,0.7983759045600891,assets/images/frr/CHRIS-(999)-336.jpg
2025-08-22T15:49:10.278590,FRR,00분 05초,0.00%,850,true,true,0.8229365348815918,assets/images/frr/CHRIS-(999)-335.jpg
2025-08-22T15:49:10.278591,FRR,00분 05초,0.00%,850,true,true,0.8064584732055664,assets/images/frr/CHRIS-(999)-334.jpg
2025-08-22T15:49:10.278592,FRR,00분 05초,0.00%,850,true,true,0.7829201817512512,assets/images/frr/CHRIS-(999)-115.jpg
2025-08-22T15:49:10.278593,FRR,00분 05초,0.00%,850,true,true,0.7624375820159912,assets/images/frr/CHRIS-(999)-333.jpg
2025-08-22T15:49:10.278595,FRR,00분 05초,0.00%,850,true,true,0.766765296459198,assets/images/frr/CHRIS-(999)-332.jpg
2025-08-22T15:49:10.278596,FRR,00분 05초,0.00%,850,true,true,0.7491111159324646,assets/images/frr/CHRIS-(999)-331.jpg
2025-08-22T15:49:10.278597,FRR,00분 05초,0.00%,850,true,true,0.7530431747436523,assets/images/frr/CHRIS-(999)-330.jpg
2025-08-22T15:49:10.278598,FRR,00분 05초,0.00%,850,true,true,0.8159772753715515,assets/images/frr/CHRIS-(999)-33.jpg
2025-08-22T15:49:10.278600,FRR,00분 05초,0.00%,850,true,true,0.7991527915000916,assets/images/frr/CHRIS-(999)-329.jpg
2025-08-22T15:49:10.278601,FRR,00분 05초,0.00%,850,true,true,0.7688093781471252,assets/images/frr/CHRIS-(999)-328.jpg
2025-08-22T15:49:10.278602,FRR,00분 05초,0.00%,850,true,true,0.7780139446258545,assets/images/frr/CHRIS-(999)-114.jpg
2025-08-22T15:49:10.278603,FRR,00분 05초,0.00%,850,true,true,0.738713264465332,assets/images/frr/CHRIS-(999)-327.jpg
2025-08-22T15:49:10.278605,FRR,00분 05초,0.00%,850,true,true,0.8090388774871826,assets/images/frr/CHRIS-(999)-326.jpg
2025-08-22T15:49:10.278606,FRR,00분 05초,0.00%,850,true,true,0.7198079824447632,assets/images/frr/CHRIS-(999)-325.jpg
2025-08-22T15:49:10.278607,FRR,00분 05초,0.00%,850,true,true,0.7255143523216248,assets/images/frr/CHRIS-(999)-324.jpg
2025-08-22T15:49:10.278608,FRR,00분 05초,0.00%,850,true,true,0.7154869437217712,assets/images/frr/CHRIS-(999)-323.jpg
2025-08-22T15:49:10.278610,FRR,00분 04초,0.00%,850,true,true,0.7417001724243164,assets/images/frr/CHRIS-(999)-322.jpg
2025-08-22T15:49:10.278611,FRR,00분 04초,0.00%,850,true,true,0.7696837186813354,assets/images/frr/CHRIS-(999)-321.jpg
2025-08-22T15:49:10.278612,FRR,00분 04초,0.00%,850,true,true,0.75150465965271,assets/images/frr/CHRIS-(999)-113.jpg
2025-08-22T15:49:10.278613,FRR,00분 04초,0.00%,850,true,true,0.8054021000862122,assets/images/frr/CHRIS-(999)-320.jpg
2025-08-22T15:49:10.278615,FRR,00분 04초,0.00%,850,true,true,0.7690743207931519,assets/images/frr/CHRIS-(999)-32.jpg
2025-08-22T15:49:10.278616,FRR,00분 04초,0.00%,850,true,true,0.7677680253982544,assets/images/frr/CHRIS-(999)-319.jpg
2025-08-22T15:49:10.278617,FRR,00분 04초,0.00%,850,true,true,0.778688371181488,assets/images/frr/CHRIS-(999)-318.jpg
2025-08-22T15:49:10.278618,FRR,00분 04초,0.00%,850,true,true,0.8535404205322266,assets/images/frr/CHRIS-(999)-317.jpg
2025-08-22T15:49:10.278620,FRR,00분 04초,0.00%,850,true,true,0.7165986895561218,assets/images/frr/CHRIS-(999)-316.jpg
2025-08-22T15:49:10.278621,FRR,00분 04초,0.00%,850,true,true,0.7040997743606567,assets/images/frr/CHRIS-(999)-315.jpg
2025-08-22T15:49:10.278622,FRR,00분 04초,0.00%,850,true,true,0.7560268044471741,assets/images/frr/CHRIS-(999)-112.jpg
2025-08-22T15:49:10.278624,FRR,00분 04초,0.00%,850,true,true,0.7506052255630493,assets/images/frr/CHRIS-(999)-314.jpg
2025-08-22T15:49:10.278625,FRR,00분 04초,0.00%,850,true,true,0.7891764640808105,assets/images/frr/CHRIS-(999)-313.jpg
2025-08-22T15:49:10.278626,FRR,00분 04초,0.00%,850,true,true,0.7776866555213928,assets/images/frr/CHRIS-(999)-312.jpg
2025-08-22T15:49:10.278627,FRR,00분 04초,0.00%,850,true,true,0.8460415601730347,assets/images/frr/CHRIS-(999)-311.jpg
2025-08-22T15:49:10.278629,FRR,00분 04초,0.00%,850,true,true,0.8194701671600342,assets/images/frr/CHRIS-(999)-310.jpg
2025-08-22T15:49:10.278630,FRR,00분 04초,0.00%,850,true,true,0.718085527420044,assets/images/frr/CHRIS-(999)-31.jpg
2025-08-22T15:49:10.278631,FRR,00분 04초,0.00%,850,true,true,0.7727561593055725,assets/images/frr/CHRIS-(999)-309.jpg
2025-08-22T15:49:10.278632,FRR,00분 04초,0.00%,850,true,true,0.7079302668571472,assets/images/frr/CHRIS-(999)-111.jpg
2025-08-22T15:49:10.278634,FRR,00분 04초,0.00%,850,true,true,0.763846218585968,assets/images/frr/CHRIS-(999)-308.jpg
2025-08-22T15:49:10.278635,FRR,00분 04초,0.00%,850,true,true,0.7937623262405396,assets/images/frr/CHRIS-(999)-307.jpg
2025-08-22T15:49:10.278637,FRR,00분 04초,0.00%,850,true,true,0.7663765549659729,assets/images/frr/CHRIS-(999)-306.jpg
2025-08-22T15:49:10.278638,FRR,00분 04초,0.00%,850,true,true,0.8345494866371155,assets/images/frr/CHRIS-(999)-305.jpg
2025-08-22T15:49:10.278639,FRR,00분 04초,0.00%,850,true,true,0.8217869400978088,assets/images/frr/CHRIS-(999)-304.jpg
2025-08-22T15:49:10.278640,FRR,00분 04초,0.00%,850,true,true,0.8290877938270569,assets/images/frr/CHRIS-(999)-303.jpg
2025-08-22T15:49:10.278641,FRR,00분 04초,0.00%,850,true,true,0.8392152786254883,assets/images/frr/CHRIS-(999)-302.jpg
2025-08-22T15:49:10.278643,FRR,00분 04초,0.00%,850,true,true,0.8216449618339539,assets/images/frr/CHRIS-(999)-110.jpg
2025-08-22T15:49:10.278644,FRR,00분 04초,0.00%,850,true,true,0.8480499386787415,assets/images/frr/CHRIS-(999)-301.jpg
2025-08-22T15:49:10.278646,FRR,00분 04초,0.00%,850,true,true,0.8317275047302246,assets/images/frr/CHRIS-(999)-300.jpg
2025-08-22T15:49:10.278647,FRR,00분 04초,0.00%,850,true,true,0.7986433506011963,assets/images/frr/CHRIS-(999)-30.jpg
2025-08-22T15:49:10.278649,FRR,00분 03초,0.00%,850,true,true,0.9063305258750916,assets/images/frr/CHRIS-(999)-3.jpg
2025-08-22T15:49:10.278650,FRR,00분 03초,0.00%,850,true,true,0.7747740149497986,assets/images/frr/CHRIS-(999)-299.jpg
2025-08-22T15:49:10.278651,FRR,00분 03초,0.00%,850,true,true,0.7590747475624084,assets/images/frr/CHRIS-(999)-298.jpg
2025-08-22T15:49:10.278652,FRR,00분 03초,0.00%,850,true,true,0.817839503288269,assets/images/frr/CHRIS-(999)-297.jpg
2025-08-22T15:49:10.278654,FRR,00분 03초,0.00%,850,true,true,0.8348767757415771,assets/images/frr/CHRIS-(999)-11.jpg
2025-08-22T15:49:10.278655,FRR,00분 03초,0.00%,850,true,true,0.8012150526046753,assets/images/frr/CHRIS-(999)-296.jpg
2025-08-22T15:49:10.278656,FRR,00분 03초,0.00%,850,true,true,0.8139048218727112,assets/images/frr/CHRIS-(999)-295.jpg
2025-08-22T15:49:10.278657,FRR,00분 03초,0.00%,850,true,true,0.8582409620285034,assets/images/frr/CHRIS-(999)-294.jpg
2025-08-22T15:49:10.278659,FRR,00분 03초,0.00%,850,true,true,0.8646703362464905,assets/images/frr/CHRIS-(999)-293.jpg
2025-08-22T15:49:10.278660,FRR,00분 03초,0.00%,850,true,true,0.8700042366981506,assets/images/frr/CHRIS-(999)-292.jpg
2025-08-22T15:49:10.278661,FRR,00분 03초,0.00%,850,true,true,0.8085547089576721,assets/images/frr/CHRIS-(999)-291.jpg
2025-08-22T15:49:10.278662,FRR,00분 03초,0.00%,850,true,true,0.7923532128334045,assets/images/frr/CHRIS-(999)-290.jpg
2025-08-22T15:49:10.278664,FRR,00분 03초,0.00%,850,true,true,0.870654821395874,assets/images/frr/CHRIS-(999)-109.jpg
2025-08-22T15:49:10.278665,FRR,00분 03초,0.00%,850,true,true,0.7993975877761841,assets/images/frr/CHRIS-(999)-29.jpg
2025-08-22T15:49:10.278666,FRR,00분 03초,0.00%,850,true,true,0.8025662302970886,assets/images/frr/CHRIS-(999)-289.jpg
2025-08-22T15:49:10.278667,FRR,00분 03초,0.00%,850,true,true,0.8400288820266724,assets/images/frr/CHRIS-(999)-288.jpg
2025-08-22T15:49:10.278668,FRR,00분 03초,0.00%,850,true,true,0.7917888164520264,assets/images/frr/CHRIS-(999)-287.jpg
2025-08-22T15:49:10.278670,FRR,00분 03초,0.00%,850,true,true,0.8716214895248413,assets/images/frr/CHRIS-(999)-286.jpg
2025-08-22T15:49:10.278671,FRR,00분 03초,0.00%,850,true,true,0.8491178154945374,assets/images/frr/CHRIS-(999)-285.jpg
2025-08-22T15:49:10.278672,FRR,00분 03초,0.00%,850,true,true,0.7294912934303284,assets/images/frr/CHRIS-(999)-284.jpg
2025-08-22T15:49:10.278673,FRR,00분 03초,0.00%,850,true,true,0.7552577257156372,assets/images/frr/CHRIS-(999)-108.jpg
2025-08-22T15:49:10.278675,FRR,00분 03초,0.00%,850,true,true,0.7281136512756348,assets/images/frr/CHRIS-(999)-283.jpg
2025-08-22T15:49:10.278676,FRR,00분 03초,0.00%,850,true,true,0.8231227993965149,assets/images/frr/CHRIS-(999)-282.jpg
2025-08-22T15:49:10.278677,FRR,00분 03초,0.00%,850,true,true,0.709368884563446,assets/images/frr/CHRIS-(999)-281.jpg
2025-08-22T15:49:10.278678,FRR,00분 03초,0.00%,850,true,true,0.744404137134552,assets/images/frr/CHRIS-(999)-280.jpg
2025-08-22T15:49:10.278680,FRR,00분 03초,0.00%,850,true,true,0.804082989692688,assets/images/frr/CHRIS-(999)-28.jpg
2025-08-22T15:49:10.278681,FRR,00분 03초,0.00%,850,true,true,0.7536206841468811,assets/images/frr/CHRIS-(999)-279.jpg
2025-08-22T15:49:10.278682,FRR,00분 03초,0.00%,850,true,true,0.8401541709899902,assets/images/frr/CHRIS-(999)-278.jpg
2025-08-22T15:49:10.278683,FRR,00분 03초,0.00%,850,true,true,0.7851951122283936,assets/images/frr/CHRIS-(999)-107.jpg
2025-08-22T15:49:10.278685,FRR,00분 02초,0.00%,850,true,true,0.7937324047088623,assets/images/frr/CHRIS-(999)-277.jpg
2025-08-22T15:49:10.278686,FRR,00분 02초,0.00%,850,true,true,0.7063167095184326,assets/images/frr/CHRIS-(999)-276.jpg
2025-08-22T15:49:10.278688,FRR,00분 02초,0.00%,850,true,true,0.7455071210861206,assets/images/frr/CHRIS-(999)-275.jpg
2025-08-22T15:49:10.278689,FRR,00분 02초,0.00%,850,true,true,0.7668750882148743,assets/images/frr/CHRIS-(999)-274.jpg
2025-08-22T15:49:10.278690,FRR,00분 02초,0.00%,850,true,true,0.7582313418388367,assets/images/frr/CHRIS-(999)-273.jpg
2025-08-22T15:49:10.278691,FRR,00분 02초,0.00%,850,true,true,0.8103598356246948,assets/images/frr/CHRIS-(999)-272.jpg
2025-08-22T15:49:10.278692,FRR,00분 02초,0.00%,850,true,true,0.8577839732170105,assets/images/frr/CHRIS-(999)-271.jpg
2025-08-22T15:49:10.278694,FRR,00분 02초,0.00%,850,true,true,0.856703519821167,assets/images/frr/CHRIS-(999)-106.jpg
2025-08-22T15:49:10.278695,FRR,00분 02초,0.00%,850,true,true,0.8563859462738037,assets/images/frr/CHRIS-(999)-270.jpg
2025-08-22T15:49:10.278696,FRR,00분 02초,0.00%,850,true,true,0.8146030306816101,assets/images/frr/CHRIS-(999)-27.jpg
2025-08-22T15:49:10.278697,FRR,00분 02초,0.00%,850,true,true,0.8725937008857727,assets/images/frr/CHRIS-(999)-269.jpg
2025-08-22T15:49:10.278699,FRR,00분 02초,0.00%,850,true,true,0.8429504632949829,assets/images/frr/CHRIS-(999)-268.jpg
2025-08-22T15:49:10.278700,FRR,00분 02초,0.00%,850,true,true,0.840544581413269,assets/images/frr/CHRIS-(999)-267.jpg
2025-08-22T15:49:10.278701,FRR,00분 02초,0.00%,850,true,true,0.8257043957710266,assets/images/frr/CHRIS-(999)-266.jpg
2025-08-22T15:49:10.278703,FRR,00분 02초,0.00%,850,true,true,0.8019154071807861,assets/images/frr/CHRIS-(999)-265.jpg
2025-08-22T15:49:10.278704,FRR,00분 02초,0.00%,850,true,true,0.8125453591346741,assets/images/frr/CHRIS-(999)-105.jpg
2025-08-22T15:49:10.278705,FRR,00분 02초,0.00%,850,true,true,0.8751488924026489,assets/images/frr/CHRIS-(999)-264.jpg
2025-08-22T15:49:10.278707,FRR,00분 02초,0.00%,850,true,true,0.7281138300895691,assets/images/frr/CHRIS-(999)-263.jpg
2025-08-22T15:49:10.278708,FRR,00분 02초,0.00%,850,true,true,0.7353100776672363,assets/images/frr/CHRIS-(999)-262.jpg
2025-08-22T15:49:10.278709,FRR,00분 02초,0.00%,850,true,true,0.823367714881897,assets/images/frr/CHRIS-(999)-261.jpg
2025-08-22T15:49:10.278711,FRR,00분 02초,0.00%,850,true,true,0.8314727544784546,assets/images/frr/CHRIS-(999)-260.jpg
2025-08-22T15:49:10.278712,FRR,00분 02초,0.00%,850,true,true,0.850315272808075,assets/images/frr/CHRIS-(999)-26.jpg
2025-08-22T15:49:10.278713,FRR,00분 02초,0.00%,850,true,true,0.7547454237937927,assets/images/frr/CHRIS-(999)-259.jpg
2025-08-22T15:49:10.278714,FRR,00분 02초,0.00%,850,true,true,0.7740604877471924,assets/images/frr/CHRIS-(999)-104.jpg
2025-08-22T15:49:10.278716,FRR,00분 02초,0.00%,850,true,true,0.7592642307281494,assets/images/frr/CHRIS-(999)-258.jpg
2025-08-22T15:49:10.278717,FRR,00분 02초,0.00%,850,true,true,0.7658991813659668,assets/images/frr/CHRIS-(999)-257.jpg
2025-08-22T15:49:10.278718,FRR,00분 02초,0.00%,850,true,true,0.8345649242401123,assets/images/frr/CHRIS-(999)-256.jpg
2025-08-22T15:49:10.278719,FRR,00분 02초,0.00%,850,true,true,0.8024756908416748,assets/images/frr/CHRIS-(999)-255.jpg
2025-08-22T15:49:10.278721,FRR,00분 02초,0.00%,850,true,true,0.8519123792648315,assets/images/frr/CHRIS-(999)-254.jpg
2025-08-22T15:49:10.278722,FRR,00분 01초,0.00%,850,true,true,0.8580737113952637,assets/images/frr/CHRIS-(999)-253.jpg
2025-08-22T15:49:10.278723,FRR,00분 01초,0.00%,850,true,true,0.8279327750205994,assets/images/frr/CHRIS-(999)-252.jpg
2025-08-22T15:49:10.278725,FRR,00분 01초,0.00%,850,true,true,0.8081716299057007,assets/images/frr/CHRIS-(999)-251.jpg
2025-08-22T15:49:10.278726,FRR,00분 01초,0.00%,850,true,true,0.8017197251319885,assets/images/frr/CHRIS-(999)-250.jpg
2025-08-22T15:49:10.278727,FRR,00분 01초,0.00%,850,true,true,0.8581453561782837,assets/images/frr/CHRIS-(999)-25.jpg
2025-08-22T15:49:10.278729,FRR,00분 01초,0.00%,850,true,true,0.7942915558815002,assets/images/frr/CHRIS-(999)-249.jpg
2025-08-22T15:49:10.278730,FRR,00분 01초,0.00%,850,true,true,0.8444157242774963,assets/images/frr/CHRIS-(999)-248.jpg
2025-08-22T15:49:10.278731,FRR,00분 01초,0.00%,850,true,true,0.8559622764587402,assets/images/frr/CHRIS-(999)-247.jpg
2025-08-22T15:49:10.278732,FRR,00분 01초,0.00%,850,true,true,0.86833655834198,assets/images/frr/CHRIS-(999)-246.jpg
2025-08-22T15:49:10.278734,FRR,00분 01초,0.00%,850,true,true,0.8366571664810181,assets/images/frr/CHRIS-(999)-245.jpg
2025-08-22T15:49:10.278735,FRR,00분 01초,0.00%,850,true,true,0.709667980670929,assets/images/frr/CHRIS-(999)-103.jpg
2025-08-22T15:49:10.278736,FRR,00분 01초,0.00%,850,true,true,0.8151347637176514,assets/images/frr/CHRIS-(999)-244.jpg
2025-08-22T15:49:10.278737,FRR,00분 01초,0.00%,850,true,true,0.7286993265151978,assets/images/frr/CHRIS-(999)-243.jpg
2025-08-22T15:49:10.278739,FRR,00분 01초,0.00%,850,true,true,0.8170697093009949,assets/images/frr/CHRIS-(999)-242.jpg
2025-08-22T15:49:10.278740,FRR,00분 01초,0.00%,850,true,true,0.7954513430595398,assets/images/frr/CHRIS-(999)-241.jpg
2025-08-22T15:49:10.278741,FRR,00분 01초,0.00%,850,true,true,0.8004765510559082,assets/images/frr/CHRIS-(999)-240.jpg
2025-08-22T15:49:10.278742,FRR,00분 01초,0.00%,850,true,true,0.7268170118331909,assets/images/frr/CHRIS-(999)-24.jpg
2025-08-22T15:49:10.278744,FRR,00분 01초,0.00%,850,true,true,0.7882112264633179,assets/images/frr/CHRIS-(999)-239.jpg
2025-08-22T15:49:10.278745,FRR,00분 01초,0.00%,850,true,true,0.7514475584030151,assets/images/frr/CHRIS-(999)-102.jpg
2025-08-22T15:49:10.278746,FRR,00분 01초,0.00%,850,true,true,0.825081467628479,assets/images/frr/CHRIS-(999)-238.jpg
2025-08-22T15:49:10.278747,FRR,00분 01초,0.00%,850,true,true,0.8404134511947632,assets/images/frr/CHRIS-(999)-237.jpg
2025-08-22T15:49:10.278749,FRR,00분 01초,0.00%,850,true,true,0.8198081851005554,assets/images/frr/CHRIS-(999)-236.jpg
2025-08-22T15:49:10.278750,FRR,00분 01초,0.00%,850,true,true,0.8021247982978821,assets/images/frr/CHRIS-(999)-235.jpg
2025-08-22T15:49:10.278751,FRR,00분 01초,0.00%,850,true,true,0.7810478806495667,assets/images/frr/CHRIS-(999)-234.jpg
2025-08-22T15:49:10.278752,FRR,00분 01초,0.00%,850,true,true,0.8979673385620117,assets/images/frr/CHRIS-(999)-233.jpg
2025-08-22T15:49:10.278754,FRR,00분 01초,0.00%,850,true,true,0.8009323477745056,assets/images/frr/CHRIS-(999)-232.jpg
2025-08-22T15:49:10.278755,FRR,00분 01초,0.00%,850,true,true,0.7874473333358765,assets/images/frr/CHRIS-(999)-101.jpg
2025-08-22T15:49:10.278756,FRR,00분 01초,0.00%,850,true,true,0.8482542634010315,assets/images/frr/CHRIS-(999)-231.jpg
2025-08-22T15:49:10.278757,FRR,00분 01초,0.00%,850,true,true,0.8152478337287903,assets/images/frr/CHRIS-(999)-230.jpg
2025-08-22T15:49:10.278759,FRR,00분 01초,0.00%,850,true,true,0.713604748249054,assets/images/frr/CHRIS-(999)-23.jpg
2025-08-22T15:49:10.278760,FRR,00분 00초,0.00%,850,true,true,0.7803933024406433,assets/images/frr/CHRIS-(999)-229.jpg
2025-08-22T15:49:10.278761,FRR,00분 00초,0.00%,850,true,true,0.7320551872253418,assets/images/frr/CHRIS-(999)-228.jpg
2025-08-22T15:49:10.278762,FRR,00분 00초,0.00%,850,true,true,0.7362671494483948,assets/images/frr/CHRIS-(999)-227.jpg
2025-08-22T15:49:10.278764,FRR,00분 00초,0.00%,850,true,true,0.8055225014686584,assets/images/frr/CHRIS-(999)-226.jpg
2025-08-22T15:49:10.278765,FRR,00분 00초,0.00%,850,true,true,0.7812517881393433,assets/images/frr/CHRIS-(999)-100.jpg
2025-08-22T15:49:10.278766,FRR,00분 00초,0.00%,850,true,true,0.7250656485557556,assets/images/frr/CHRIS-(999)-225.jpg
2025-08-22T15:49:10.278767,FRR,00분 00초,0.00%,850,true,true,0.8018832206726074,assets/images/frr/CHRIS-(999)-224.jpg
2025-08-22T15:49:10.278768,FRR,00분 00초,0.00%,850,true,true,0.9497991800308228,assets/images/frr/CHRIS-(999)-223.jpg
2025-08-22T15:49:10.278770,FRR,00분 00초,0.00%,850,true,true,0.8119474649429321,assets/images/frr/CHRIS-(999)-222.jpg
2025-08-22T15:49:10.278771,FRR,00분 00초,0.00%,850,true,true,0.8599152565002441,assets/images/frr/CHRIS-(999)-221.jpg
2025-08-22T15:49:10.278772,FRR,00분 00초,0.00%,850,true,true,0.8202288150787354,assets/images/frr/CHRIS-(999)-220.jpg
2025-08-22T15:49:10.278773,FRR,00분 00초,0.00%,850,true,true,0.7827882766723633,assets/images/frr/CHRIS-(999)-22.jpg
2025-08-22T15:49:10.278775,FRR,00분 00초,0.00%,850,true,true,0.7510213851928711,assets/images/frr/CHRIS-(999)-10.jpg
2025-08-22T15:49:10.278776,FRR,00분 00초,0.00%,850,true,true,0.8211093544960022,assets/images/frr/CHRIS-(999)-219.jpg
2025-08-22T15:49:10.278777,FRR,00분 00초,0.00%,850,true,true,0.8473421931266785,assets/images/frr/CHRIS-(999)-214.jpg
2025-08-22T15:49:10.278778,FRR,00분 00초,0.00%,850,true,true,0.8331169486045837,assets/images/frr/CHRIS-(999)-218.jpg
2025-08-22T15:49:10.278780,FRR,00분 00초,0.00%,850,true,true,0.8582290410995483,assets/images/frr/CHRIS-(999)-216.jpg
2025-08-22T15:49:10.278781,FRR,00분 00초,0.00%,850,true,true,0.8659555315971375,assets/images/frr/CHRIS-(999)-215.jpg
2025-08-22T15:49:10.278782,FRR,00분 00초,0.00%,850,true,true,0.8073433637619019,assets/images/frr/CHRIS-(999)-217.jpg
2025-08-22T15:49:10.278783,FRR,00분 00초,0.00%,850,true,true,0.8270090222358704,assets/images/frr/CHRIS-(999)-1.jpg
2025-08-22T15:49:10.278785,FRR,00분 00초,0.00%,850,true,true,0.7744165658950806,assets/images/frr/CHRIS-(999)-99.jpg
2025-08-22T15:49:10.278786,FRR,00분 00초,0.00%,850,true,true,0.7472429871559143,assets/images/frr/CHRIS-(999)-0.jpg